propretyId,propretyBookingId,guestGender,guestBirthDate,adults,children,babies,doubleBeds,singleBeds,startDate,endDate,Location
4332059050,8673351634,Female,1996-08-14,5,1,2,1,1,2022-01-30,2022-04-11,BR
9813987626,7186251870,Male,1950-08-10,5,0,3,0,0,2022-01-20,2022-07-19,ID
9495548497,0846023830,Female,1959-05-09,3,0,3,0,5,2022-02-09,2022-04-14,CN
5864000957,3858906034,Male,1964-01-07,4,2,0,3,0,2022-02-24,2022-06-11,CN
3408781621,5988509711,Male,1997-09-05,4,0,4,1,1,2022-02-02,2022-04-28,CN
3347759273,5424515789,Male,1971-01-19,3,4,3,1,1,2022-02-04,2022-06-14,CN
1738075710,5951100623,Female,1973-08-20,5,2,3,2,2,2022-01-28,2022-06-19,SE
2515815405,7009676038,Female,1958-04-26,4,3,3,0,4,2022-01-31,2022-07-10,ID
4523197342,5313267663,Female,1995-05-10,3,3,4,3,4,2022-01-29,2022-04-30,TH
6896485914,8376488449,Female,1972-01-24,4,0,3,3,1,2022-02-18,2022-06-12,ID
6993670739,6219490584,Female,1965-10-18,4,5,5,0,0,2022-02-14,2022-07-19,FR
2663990671,2681028523,Female,1950-11-02,3,4,0,3,2,2022-02-03,2022-04-25,ID
6278297345,8176400866,Male,1954-07-06,5,2,3,0,4,2022-02-11,2022-06-19,CZ
3491330335,7344181800,Male,1965-01-14,2,3,2,1,5,2022-02-20,2022-08-14,CN
0248118862,9699606738,Female,1961-12-27,2,3,1,3,3,2022-02-18,2022-08-18,PL
7741769316,5670343727,Male,1964-10-26,3,1,1,1,5,2022-02-07,2022-05-22,UA
8084136380,6219732049,Male,1993-05-12,4,2,5,2,3,2022-01-26,2022-06-12,ID
6773717345,0969986912,Male,1975-05-10,5,0,2,0,4,2022-02-17,2022-05-17,LU
6679565251,2583475193,Female,1964-05-16,4,3,0,2,2,2022-02-05,2022-06-07,FR
0064368068,5983561537,Female,1987-08-12,2,4,1,1,0,2022-01-27,2022-05-29,PK
7667163154,0627093590,Female,1997-02-11,5,5,1,0,3,2022-02-09,2022-05-15,TD
6854565812,5607929949,Male,1967-04-01,1,3,5,3,4,2022-01-29,2022-05-12,US
7744503449,4174234728,Male,1974-04-28,3,4,1,0,0,2022-01-23,2022-07-20,CN
6678279786,8623598865,Male,1967-04-22,1,2,0,1,1,2022-02-20,2022-04-17,BR
6554649794,0425745937,Male,1975-05-08,3,4,3,3,4,2022-02-21,2022-05-17,CN
9338704602,9557553634,Male,1975-10-31,4,4,2,1,5,2022-02-23,2022-05-03,ID
2931100935,2073965873,Male,1980-11-24,5,2,3,3,1,2022-02-05,2022-04-13,NL
5420089769,6698945498,Female,1979-07-22,2,4,0,0,1,2022-02-21,2022-07-05,FR
5866784459,1304668673,Female,1965-12-28,3,4,5,0,2,2022-02-03,2022-07-21,LY
0218511531,9015197164,Female,1956-08-26,5,3,5,2,3,2022-01-25,2022-08-07,CN
2126677257,7888442560,Female,1995-01-21,4,1,1,3,3,2022-02-20,2022-06-29,BR
0551816368,4900717819,Male,1983-03-18,5,3,5,3,3,2022-02-24,2022-07-14,PL
7202964996,2294823095,Female,1964-02-27,5,3,1,1,4,2022-02-16,2022-08-15,HN
5149710458,8407744743,Female,1959-05-23,4,2,1,2,1,2022-02-12,2022-06-12,CN
0901487430,0674978927,Male,1991-05-11,5,2,5,1,4,2022-02-05,2022-05-06,ID
5908703133,0939418576,Female,1994-02-24,2,5,3,0,1,2022-01-28,2022-06-15,PL
2271697808,7967205979,Male,1959-03-23,1,3,3,0,5,2022-02-21,2022-08-09,PH
9962930529,6896349670,Female,1957-04-12,3,5,4,2,5,2022-02-14,2022-04-08,ID
8232605103,2689681390,Female,1978-09-02,5,4,1,3,5,2022-01-29,2022-07-11,RU
7509082323,6372109158,Female,1976-07-14,2,0,4,2,3,2022-02-20,2022-07-14,AR
1466755865,0787580902,Female,1992-02-07,2,3,3,0,4,2022-02-15,2022-07-03,CN
6481666236,7601183696,Male,1958-10-12,2,5,3,1,2,2022-01-27,2022-06-06,PT
6035431828,2362043304,Female,1964-04-29,3,1,0,0,3,2022-02-13,2022-06-25,PH
3449812459,5238992696,Male,1967-12-08,2,4,0,3,0,2022-01-30,2022-05-31,BR
7552454660,6957268748,Male,1954-05-06,1,2,0,2,1,2022-02-07,2022-04-08,CN
7460205842,9995650010,Male,1950-09-09,3,3,0,3,1,2022-01-20,2022-04-30,CN
3220373941,6287316802,Male,1952-01-16,3,2,5,0,4,2022-02-16,2022-04-12,CN
1576262022,3671487313,Female,1978-08-31,2,3,1,3,1,2022-02-01,2022-06-05,PK
4753528871,9784275341,Female,1989-07-11,2,5,2,3,5,2022-01-23,2022-05-31,CN
2280657449,8082313315,Female,1962-05-04,4,5,4,2,4,2022-02-07,2022-04-24,TM
2999488963,5613394415,Male,1957-08-26,3,1,5,0,1,2022-01-21,2022-07-11,KZ
8282791725,8876547762,Female,1985-11-09,3,5,5,2,4,2022-02-11,2022-05-26,RU
2889327868,5999580617,Female,1981-02-17,4,4,0,3,5,2022-01-26,2022-04-03,ID
4329089696,3404635205,Male,1989-04-08,4,2,4,3,5,2022-01-26,2022-07-14,CN
3751808493,7459271500,Male,1958-04-05,1,5,0,0,0,2022-02-13,2022-07-30,BR
9486040273,5294591774,Male,1976-01-18,1,4,4,0,0,2022-02-14,2022-07-24,CA
6823425393,9313324156,Female,1995-06-28,1,1,2,3,1,2022-01-29,2022-04-15,SO
0351896120,7576050322,Male,1995-10-27,1,2,5,3,5,2022-02-01,2022-06-15,KY
5780250456,3019812194,Male,1998-01-28,4,3,0,2,2,2022-01-28,2022-07-05,ID
4262537641,4297692643,Female,1994-07-10,1,2,3,1,4,2022-02-09,2022-06-05,FI
9401867224,1994997222,Female,1954-05-08,1,4,4,2,5,2022-02-03,2022-04-27,RU
9162556266,6123293273,Male,1970-08-13,4,1,2,3,3,2022-02-18,2022-06-06,PK
6789760598,6059692729,Male,1955-02-15,1,5,2,2,5,2022-02-06,2022-04-14,KR
1448172136,1323715886,Male,1953-08-08,4,3,5,2,0,2022-01-25,2022-05-27,ID
6419493315,0335624707,Male,1973-10-20,1,4,3,1,5,2022-02-09,2022-07-14,ID
2007080680,7810035568,Male,1980-10-11,5,2,3,1,5,2022-02-10,2022-08-10,CN
1098922727,2531052151,Female,1991-05-29,4,0,2,2,0,2022-01-31,2022-07-17,RU
2806860911,4252716691,Male,1962-06-24,1,4,5,1,5,2022-02-11,2022-05-27,JP
0333793234,0113857918,Female,1991-08-31,5,3,5,1,1,2022-02-04,2022-07-11,CZ
5106746663,6307551712,Male,1990-02-13,3,1,2,0,2,2022-02-17,2022-08-10,VE
5471752341,1977971288,Male,1976-01-24,3,1,3,1,0,2022-02-23,2022-05-31,CN
4292273553,8381783976,Male,1988-05-10,4,5,3,0,3,2022-02-09,2022-04-18,PT
4657122398,5548784110,Female,1988-04-26,4,2,2,3,3,2022-01-31,2022-06-30,CN
8593431275,0243514522,Female,1965-09-09,1,1,4,3,5,2022-02-19,2022-04-18,CN
9467632225,8994468641,Female,1960-07-04,1,0,1,0,5,2022-01-24,2022-07-18,BY
8512855991,1040381987,Male,1975-06-10,2,5,2,2,2,2022-02-19,2022-06-23,PT
0371673259,6050886431,Female,1992-09-28,4,3,3,1,3,2022-02-16,2022-04-28,US
5973268063,5002872506,Female,1972-08-22,5,1,1,0,1,2022-02-24,2022-06-21,CN
0701802596,1549872982,Female,1966-05-06,2,3,1,3,5,2022-02-06,2022-07-09,VN
9140358011,6069586263,Female,1975-12-16,2,1,3,1,2,2022-02-03,2022-08-06,ID
9166668530,6792957151,Male,1950-12-26,3,5,1,2,2,2022-02-15,2022-07-09,PL
0573982732,9819569982,Male,1959-04-13,4,2,0,1,2,2022-02-16,2022-05-06,FR
7906903722,1381181627,Male,1971-01-20,3,1,4,2,3,2022-02-11,2022-04-29,DM
0587205555,9888627554,Male,1972-01-29,3,3,2,3,2,2022-01-27,2022-08-18,CN
5906519572,5831829561,Female,1970-05-19,2,2,4,2,2,2022-02-05,2022-04-12,PH
1278599932,3069342809,Female,1986-06-02,5,1,0,1,0,2022-02-07,2022-04-22,CN
7325565011,6641016773,Male,1984-05-11,2,0,3,3,0,2022-02-24,2022-06-30,PL
4990885503,8498203996,Female,1956-10-16,2,1,4,3,4,2022-01-29,2022-05-21,MX
6545431730,2557940070,Female,1953-10-15,1,3,3,0,1,2022-01-20,2022-06-24,BS
6530147853,9828220814,Male,1960-08-25,4,2,0,1,0,2022-02-19,2022-04-25,IT
9522857580,4525090715,Male,1988-10-17,4,3,0,0,1,2022-02-09,2022-06-05,CN
6531674253,3246203652,Male,1994-04-02,2,2,2,0,5,2022-02-20,2022-04-11,CN
5248496217,2042171840,Male,1986-12-29,3,0,2,0,5,2022-02-02,2022-04-22,CO
8765532171,3553633131,Male,1987-12-01,3,3,4,0,1,2022-02-18,2022-08-10,PH
3464736628,5895685641,Female,1973-03-21,1,2,2,2,1,2022-01-21,2022-07-21,CZ
0732644577,1290459673,Female,1958-06-04,3,4,4,2,0,2022-02-07,2022-06-08,LB
5878574659,3718357062,Female,1991-05-17,1,0,2,0,3,2022-02-11,2022-04-08,CO
2791887407,1465134654,Female,1967-10-19,1,2,4,3,3,2022-01-22,2022-06-26,EG
4557860788,9423600530,Female,1994-01-11,2,2,2,1,4,2022-01-28,2022-05-20,PL
9864746898,7983007132,Female,1963-08-29,5,4,3,3,2,2022-02-18,2022-06-30,CN
8703905616,7205720273,Male,1955-12-14,5,1,4,0,0,2022-02-14,2022-06-07,ID
7643038902,8943911874,Male,1992-10-19,3,1,3,3,4,2022-02-19,2022-05-10,BR
3925057994,9972011577,Female,1985-03-22,1,0,3,3,0,2022-01-30,2022-07-22,ID
8503115697,9437920257,Male,1973-08-22,4,5,0,3,0,2022-02-23,2022-06-12,TD
8541287416,0122438752,Female,1982-05-20,2,1,2,1,4,2022-02-11,2022-08-16,KZ
7501720282,7561695950,Male,1954-07-04,4,3,3,2,2,2022-02-17,2022-05-02,NA
6807492200,8400415787,Male,1987-02-11,2,4,0,1,4,2022-02-11,2022-04-20,PL
2563103444,4123926460,Male,1996-04-06,2,5,5,3,1,2022-02-08,2022-05-16,PT
0952735660,3867884587,Female,1988-07-02,4,4,4,2,1,2022-01-26,2022-04-16,CO
2122197811,8437215072,Male,1996-05-02,2,1,3,0,2,2022-01-25,2022-07-21,ID
4347328559,3403031209,Male,1975-05-15,4,5,1,2,0,2022-01-23,2022-05-16,CN
4083503211,3239567806,Male,1959-03-25,2,1,4,1,4,2022-02-07,2022-08-07,CN
7016957411,2036937446,Female,1992-08-27,2,5,1,3,5,2022-02-21,2022-05-26,ID
9101912119,6919305860,Female,1974-12-06,4,5,0,2,0,2022-01-30,2022-07-21,JP
3875601750,0818916753,Female,1992-06-01,2,1,4,2,5,2022-02-01,2022-07-21,ID
9911945774,3715253428,Female,1963-01-09,3,1,3,0,3,2022-01-27,2022-06-30,KZ
6867213537,0000420832,Female,1957-09-06,5,5,1,3,1,2022-01-28,2022-08-06,RU
3074339101,0441155669,Female,1992-09-18,2,1,2,3,1,2022-02-24,2022-06-19,CN
4824105293,1745822682,Female,1991-09-28,4,4,1,3,1,2022-01-30,2022-05-29,PH
6177530532,0359655998,Female,1968-04-27,5,4,5,2,0,2022-01-31,2022-04-14,CN
5628893811,5287949588,Female,1999-04-24,1,2,3,0,4,2022-02-01,2022-06-15,UA
5710728012,5650528543,Male,1958-10-03,1,1,1,0,4,2022-01-26,2022-05-02,RU
9768001593,6404146703,Female,1990-10-20,1,5,5,3,0,2022-01-26,2022-07-09,CN
9848554122,9798124790,Female,1999-12-03,5,3,3,3,5,2022-01-29,2022-07-14,CN
2159008087,4167771519,Female,1976-01-28,3,5,1,3,2,2022-01-26,2022-06-01,CN
4618596961,1676516549,Male,1970-07-29,4,5,3,2,3,2022-02-08,2022-06-25,BR
9486436959,9363746151,Female,1950-05-11,3,3,0,1,3,2022-02-08,2022-04-30,TH
5223470273,1052235980,Male,1968-10-07,2,0,1,2,5,2022-02-17,2022-05-20,PS
0232008310,8203837182,Female,1974-05-17,5,2,4,2,1,2022-02-10,2022-06-10,UA
8544058957,4013945150,Female,1961-03-20,5,0,4,1,5,2022-02-07,2022-05-03,ID
8568036902,3632409412,Male,1990-06-20,2,4,2,1,2,2022-02-03,2022-08-04,JP
8817288608,9066312017,Female,1997-08-05,2,3,5,2,0,2022-02-14,2022-07-03,VN
7891345600,5062943272,Female,1997-01-28,5,5,4,2,5,2022-01-23,2022-05-25,RU
5617721763,1945719052,Male,1979-12-22,4,2,5,0,5,2022-02-08,2022-07-28,UA
2297486960,5771717827,Female,1973-09-22,1,3,3,2,2,2022-01-28,2022-07-02,TH
5142707451,5368868979,Female,1982-07-22,5,4,2,3,4,2022-01-31,2022-04-13,ID
6326608457,5465171685,Male,1976-12-25,1,0,2,3,1,2022-02-11,2022-06-11,AT
0152078126,9191497396,Female,1951-04-04,5,3,0,3,0,2022-02-05,2022-08-08,NL
0758504020,2369100257,Male,1974-06-25,1,3,3,2,1,2022-02-01,2022-06-20,NC
4549280514,6889043006,Female,1962-08-17,4,0,3,0,1,2022-02-14,2022-07-22,CO
5523725617,4179245361,Female,1998-10-23,5,0,5,3,4,2022-02-15,2022-06-09,LV
8690185909,1918454272,Male,1997-02-01,3,5,2,2,5,2022-02-22,2022-06-16,CN
5130567390,3677965446,Female,1956-03-30,4,1,5,3,2,2022-02-23,2022-04-03,PT
5542260543,7445319964,Female,1957-07-18,5,5,0,1,3,2022-02-06,2022-08-15,RS
6301562011,2378536887,Female,1992-04-15,3,4,0,3,5,2022-02-17,2022-08-15,RU
8488603428,4003094565,Male,1981-09-23,4,5,1,0,2,2022-02-01,2022-05-20,PT
0425138712,7136203627,Female,1964-10-30,4,3,5,3,4,2022-01-22,2022-06-24,FR
2890862593,8107073541,Female,1987-12-01,4,0,1,2,3,2022-02-08,2022-04-28,UZ
9406334305,4691913939,Female,1981-09-08,4,5,4,0,1,2022-02-03,2022-07-01,PH
3159123898,8032228136,Female,1972-06-13,5,0,3,3,2,2022-02-04,2022-05-19,PE
5357668507,5832926463,Male,1971-08-25,3,2,0,3,4,2022-02-05,2022-04-14,FR
9700207749,8792775845,Male,1974-07-25,2,3,2,0,4,2022-02-04,2022-08-14,ID
3899250079,3566363219,Female,1974-12-28,4,0,3,2,3,2022-02-15,2022-06-27,ZA
6735985907,6357021091,Male,1963-12-16,3,2,3,2,0,2022-02-22,2022-08-18,UZ
8892809199,8319164729,Male,1985-07-27,1,4,4,3,5,2022-01-22,2022-07-06,PE
6754710284,8178660407,Male,1992-05-25,4,1,4,2,5,2022-02-12,2022-07-21,PL
2911367138,3110234858,Female,1994-03-14,5,0,5,3,5,2022-01-29,2022-04-12,PH
6097277369,0668107138,Female,1984-03-17,4,5,4,0,0,2022-01-21,2022-06-02,CN
1147252734,6042129570,Female,1966-11-02,3,3,1,2,5,2022-01-31,2022-04-27,SE
1413693229,9860292086,Female,1977-01-21,4,2,1,0,4,2022-02-24,2022-08-02,US
3293089216,3826077075,Female,1987-10-08,3,5,4,3,2,2022-02-02,2022-07-31,UA
7604777465,6996174341,Female,1968-03-15,2,4,2,3,4,2022-02-06,2022-06-25,SE
8929883974,2055625748,Male,1980-10-26,5,1,0,0,5,2022-01-29,2022-06-20,JP
0709208073,8010481491,Male,1984-12-31,3,2,2,0,4,2022-01-23,2022-07-18,CN
9411218903,8108884179,Male,1980-04-13,3,5,3,2,3,2022-02-17,2022-05-03,SE
5971643932,0989922383,Female,1987-08-20,1,3,2,1,0,2022-01-25,2022-07-01,CN
7642426011,7946441762,Female,1952-09-05,2,2,2,3,2,2022-01-28,2022-06-27,PY
7396500230,2441624245,Male,1951-04-19,1,2,4,1,5,2022-02-16,2022-08-09,PL
3045035612,4295545031,Male,1957-03-11,2,5,3,0,4,2022-02-09,2022-06-15,CN
9387058557,5787799313,Male,1960-07-12,5,0,2,1,3,2022-02-10,2022-04-04,PT
8024596458,4183733162,Female,1979-10-06,3,0,5,3,1,2022-02-02,2022-08-07,TZ
7560671675,1852903104,Male,1960-10-28,4,5,4,3,3,2022-02-02,2022-06-29,US
3334819825,4125587477,Female,1975-04-15,5,3,5,0,1,2022-02-13,2022-05-03,CN
1217982817,2888843536,Female,1982-12-22,1,3,1,3,0,2022-02-17,2022-07-01,FR
3588007598,4090774748,Female,1973-10-06,3,2,5,0,4,2022-02-01,2022-06-03,PL
7677498140,7836357953,Female,1983-03-30,4,2,5,1,4,2022-02-02,2022-08-18,PL
3304285733,6389830254,Male,1970-04-20,2,5,5,1,0,2022-02-03,2022-08-13,MM
8443958448,1712370073,Female,1973-12-10,5,3,0,2,0,2022-02-12,2022-05-10,TD
4390514113,3202548948,Male,1985-12-08,2,5,5,3,3,2022-02-03,2022-04-12,FR
2880165989,4394152739,Male,1982-12-15,1,5,3,2,4,2022-02-11,2022-07-30,HR
3923914504,5767531552,Male,1994-05-13,1,4,4,2,5,2022-01-23,2022-08-01,LT
3196509281,6064528478,Male,1951-03-31,1,5,5,1,3,2022-02-05,2022-04-22,PT
6140001285,5831559289,Male,1967-12-06,2,0,4,3,0,2022-02-23,2022-08-11,GM
4498089863,1865202827,Male,1952-11-19,2,5,3,3,0,2022-02-16,2022-04-19,GR
2402451327,7803928145,Female,1980-03-24,2,0,1,2,1,2022-01-31,2022-05-06,CN
2978672293,8553519309,Female,1982-06-26,4,4,4,3,5,2022-02-04,2022-08-04,US
2812650370,6289831232,Male,1955-04-03,4,2,5,0,1,2022-02-21,2022-07-16,CN
5579456395,3679968140,Male,1996-06-06,5,0,2,3,4,2022-01-22,2022-08-18,PH
1958157236,8222804596,Male,1963-06-12,2,0,3,1,1,2022-01-26,2022-06-27,NG
4940241963,1711454478,Female,1968-11-05,5,2,2,2,3,2022-01-31,2022-04-20,ID
7236987832,1639931589,Female,1990-01-26,3,0,0,2,5,2022-02-03,2022-04-11,PT
8678062894,1066650233,Female,1994-07-28,1,2,5,2,1,2022-01-22,2022-07-16,CZ
8528154904,5864043427,Female,1990-01-01,5,4,2,0,2,2022-02-06,2022-05-26,SE
9034928691,7223462337,Female,1989-09-11,4,1,3,2,0,2022-01-21,2022-08-17,PH
1671275543,1211591859,Female,1950-04-03,3,4,2,3,0,2022-01-21,2022-04-17,CN
8066128568,9974169747,Male,1963-03-25,5,2,5,2,3,2022-02-22,2022-04-06,PL
0724566295,9158491430,Male,1966-11-17,2,1,1,1,4,2022-02-23,2022-04-25,CN
1572702249,5858079849,Male,1993-08-28,3,5,4,0,1,2022-02-12,2022-05-17,FI
1933958081,3720978761,Male,1951-12-11,4,4,0,3,5,2022-02-20,2022-07-08,BW
5397179094,6977086246,Female,1988-03-17,3,2,1,3,5,2022-01-28,2022-04-17,DK
5098832004,9272145511,Male,1963-06-06,3,2,1,3,2,2022-02-02,2022-07-13,CN
7818270949,8337705655,Male,1970-10-19,3,0,1,2,2,2022-02-08,2022-08-05,RS
4458159267,7433690336,Female,1970-06-07,5,3,3,1,0,2022-02-01,2022-04-18,CN
7898227212,3798938482,Male,1964-04-29,1,1,3,2,5,2022-02-03,2022-05-25,JP
4786587761,8350410868,Female,1991-02-18,2,1,5,2,0,2022-02-05,2022-05-03,CZ
0549882812,7505695401,Male,1990-10-14,5,4,2,1,3,2022-01-22,2022-06-29,CN
6383003615,8360665540,Female,1992-08-29,3,5,2,2,2,2022-02-21,2022-05-16,PH
2693381002,4969090483,Female,1964-01-16,5,1,5,2,5,2022-02-12,2022-07-12,NL
7911487235,5637583994,Male,1996-07-10,3,4,1,2,3,2022-02-17,2022-06-12,LA
8736860190,8400400305,Male,1955-08-05,5,4,5,1,4,2022-02-24,2022-05-06,JP
4879818275,7904515407,Female,1986-01-08,1,4,3,0,0,2022-02-16,2022-04-19,BO
4197345860,4839337489,Female,1952-03-17,5,3,4,2,4,2022-01-28,2022-06-06,BR
7074878383,7685407590,Male,1950-04-19,1,2,1,1,5,2022-02-13,2022-05-22,US
1648162053,8430973133,Male,1966-07-22,2,1,2,0,5,2022-02-02,2022-08-11,CN
4933359970,9491936360,Male,1962-06-06,4,3,4,0,3,2022-02-06,2022-05-26,BR
7147948580,0327665459,Male,1969-07-22,1,2,0,1,2,2022-01-27,2022-04-10,FR
8882574431,8401888751,Female,1956-09-11,3,4,1,3,0,2022-02-19,2022-06-17,BH
3653468647,3638098435,Female,1969-01-01,5,0,3,0,0,2022-02-21,2022-07-13,RU
9826293571,1154656578,Male,1968-08-29,3,1,3,0,1,2022-02-17,2022-04-28,CN
5852062227,2997792150,Male,1994-09-21,5,2,2,1,4,2022-01-26,2022-08-08,CN
3561674860,3690204550,Female,1951-12-16,5,3,0,1,1,2022-01-27,2022-06-03,CN
2280478501,9724892387,Female,1994-04-16,2,2,1,0,1,2022-02-24,2022-08-02,PL
7036234458,8066699840,Female,1968-06-07,2,5,2,0,0,2022-01-31,2022-04-04,PT
0828167966,4526231630,Male,1989-09-18,5,5,5,3,1,2022-01-25,2022-07-25,CN
2844228143,6863072610,Male,1975-10-23,2,1,4,3,3,2022-01-20,2022-07-18,CN
9204597615,8731824765,Male,1981-12-15,4,1,0,1,2,2022-01-29,2022-05-01,GB
9943056894,0075697009,Male,1970-08-06,5,0,4,3,4,2022-02-23,2022-04-17,RU
0889358567,3908682355,Female,1956-04-23,1,5,2,2,4,2022-01-28,2022-07-11,GT
6503047851,2881709354,Female,1971-06-18,4,5,4,2,1,2022-02-04,2022-04-18,IE
4204906885,4834858030,Female,1999-11-06,5,5,0,0,2,2022-02-09,2022-05-30,CN
9456920429,3822194026,Male,1965-03-03,5,0,1,2,1,2022-01-24,2022-05-08,ZA
0096578203,8565169324,Female,1992-09-04,4,1,5,2,2,2022-02-20,2022-08-15,CN
5823346662,3783797098,Male,1989-03-12,5,5,4,2,1,2022-02-21,2022-06-05,CN
0197705197,0348308132,Male,1979-06-17,1,3,5,3,1,2022-01-26,2022-08-01,ID
0148033814,2816114201,Male,1960-03-23,5,0,5,0,4,2022-02-05,2022-08-17,CN
0083045155,3865863094,Female,1966-08-24,3,5,0,3,3,2022-01-23,2022-05-22,UG
9468980804,3115830211,Male,1959-08-30,1,4,4,2,5,2022-01-24,2022-08-14,SY
9095080773,7001526827,Female,1991-02-03,3,1,3,0,0,2022-01-20,2022-08-05,AM
9115666158,2477935232,Male,1955-06-14,3,3,4,3,0,2022-01-27,2022-08-10,SE
0714134554,6048135599,Male,1963-01-06,4,2,4,2,2,2022-01-25,2022-07-06,RS
5240526249,1884529135,Male,1981-12-27,1,1,5,1,0,2022-01-27,2022-05-08,AM
7843171584,3871698547,Female,1958-12-27,2,0,3,0,3,2022-01-27,2022-06-03,FR
4394573610,4780867754,Female,1971-06-29,3,1,1,3,1,2022-01-27,2022-07-29,ID
7686585018,3296350152,Male,1971-03-19,1,5,4,1,4,2022-02-07,2022-04-26,HR
2946066452,5080520000,Male,1975-03-04,4,4,1,2,5,2022-02-17,2022-07-10,HN
9712609243,0264186214,Female,1991-03-11,2,4,2,0,2,2022-02-21,2022-05-18,PL
7542652729,4970497354,Male,1977-08-27,3,0,0,2,5,2022-02-02,2022-07-09,PT
0296171891,2160960098,Male,1980-12-23,2,1,1,2,2,2022-01-22,2022-08-10,PS
5558074264,1589123972,Male,1977-03-15,4,1,0,1,0,2022-01-28,2022-08-08,SE
5670800869,2359237713,Male,1971-01-30,2,1,0,2,1,2022-01-31,2022-06-02,FR
2556491361,1026605571,Female,1998-12-18,1,4,0,1,2,2022-02-08,2022-06-27,CN
0413137686,4522002742,Male,1994-03-22,4,2,4,2,0,2022-01-24,2022-06-08,CN
9776549632,5375665859,Female,1997-02-18,3,2,5,2,3,2022-01-21,2022-04-03,CN
9029009292,2675743771,Female,1968-09-02,1,3,5,1,2,2022-01-30,2022-07-18,PT
5913574893,9095958094,Male,1957-11-29,5,3,5,3,2,2022-02-17,2022-07-23,SE
2434353886,9575444892,Male,1961-01-13,2,0,0,2,2,2022-02-12,2022-06-02,BR
1810990327,3766744321,Female,1998-06-10,4,5,4,1,4,2022-02-14,2022-04-15,CN
8396133670,6417455211,Female,1953-03-26,4,2,4,3,2,2022-02-05,2022-04-12,CN
2916181571,3034829604,Male,1992-02-11,3,3,4,3,1,2022-01-21,2022-08-12,PG
6551114652,0632637161,Male,1962-02-02,1,1,4,1,0,2022-01-21,2022-05-17,AS
8356583535,3491266734,Male,1952-05-05,4,2,2,3,5,2022-02-03,2022-07-01,PK
7977493144,7609010464,Female,1967-03-15,5,4,0,3,5,2022-01-24,2022-06-24,CN
1204932956,5538839443,Female,1978-10-13,3,0,0,0,2,2022-01-21,2022-06-28,US
1425066933,5472024021,Male,1953-11-30,3,1,2,3,5,2022-02-12,2022-08-09,AR
9928787913,1719513414,Female,1971-11-28,5,2,0,1,1,2022-01-20,2022-05-01,ID
1047899477,5041735042,Male,1965-06-22,4,4,4,0,5,2022-01-21,2022-08-11,CN
8873609066,3551453551,Female,1987-03-15,1,3,0,2,1,2022-02-21,2022-05-03,CN
7710318231,9564713684,Male,1971-09-16,3,4,4,1,3,2022-01-20,2022-05-22,CN
1377476421,4412887685,Male,1973-07-08,3,4,1,1,2,2022-02-10,2022-07-13,CN
4225307514,7666839391,Male,1966-11-17,5,0,4,0,2,2022-02-01,2022-08-13,CN
2934540839,1125070455,Male,1985-01-15,1,3,5,1,4,2022-02-11,2022-06-22,RU
3386515584,0859769720,Female,1975-03-27,2,5,4,2,0,2022-01-26,2022-05-02,RU
6009326621,9036326591,Female,1989-06-23,5,2,2,0,3,2022-01-29,2022-08-01,PE
0455704171,1277030782,Male,1981-09-06,3,2,2,2,4,2022-02-20,2022-07-23,ME
4854600853,5677238163,Male,1966-01-25,5,2,3,0,5,2022-02-01,2022-06-08,GT
3830457375,9768421053,Female,1994-02-14,3,2,1,2,0,2022-02-20,2022-06-26,PL
7629851049,3879048002,Female,1953-08-11,5,4,4,1,4,2022-02-13,2022-07-14,CN
6665599388,3205424255,Female,2000-01-18,2,3,5,1,5,2022-02-03,2022-08-12,ID
4127372923,1745008144,Male,1976-11-28,4,1,3,1,3,2022-01-23,2022-07-10,CN
4217471882,7275244373,Female,1994-08-10,5,1,0,3,5,2022-01-23,2022-07-14,PL
9851935336,9969444409,Female,1986-03-25,3,3,4,3,0,2022-02-24,2022-05-31,SE
2706952571,1129111636,Female,1993-06-04,4,5,2,1,2,2022-02-16,2022-04-13,CN
5632933288,6154417268,Male,1966-12-03,4,2,4,3,4,2022-01-26,2022-04-29,CZ
9640957321,7434989130,Male,1955-10-19,4,1,2,2,5,2022-02-04,2022-06-12,PE
5749631729,3856377263,Male,1979-06-28,4,0,1,3,5,2022-02-20,2022-04-10,AL
8730083710,4929398819,Female,1965-05-20,4,2,4,3,3,2022-02-08,2022-05-02,ID
4721136730,9567633630,Male,1993-03-03,4,1,2,0,4,2022-02-21,2022-08-11,MG
6640409445,5662715092,Male,1952-06-08,2,2,0,0,0,2022-02-09,2022-06-22,CN
5940293875,9627543691,Male,1993-03-20,4,0,0,2,3,2022-01-20,2022-05-23,FR
3443092004,7150800211,Female,1982-11-26,2,1,2,1,4,2022-02-09,2022-05-15,FR
3029626725,6475837946,Female,1995-07-15,4,5,4,2,2,2022-02-22,2022-08-06,CN
8279865713,7011650636,Male,1992-10-20,2,4,4,2,1,2022-02-18,2022-07-27,ID
3038376825,9393365121,Male,1972-05-31,1,1,3,1,1,2022-01-25,2022-08-03,TN
9480751240,4557958826,Female,1956-06-13,4,4,3,2,1,2022-01-22,2022-06-16,SE
3700971737,0317553720,Male,1960-03-11,1,5,3,2,0,2022-02-03,2022-04-29,ID
7971242123,3730420585,Male,1958-09-24,3,3,0,1,0,2022-02-09,2022-06-02,SI
4227517133,8631285757,Female,1980-05-30,5,5,1,2,5,2022-02-12,2022-08-13,BW
7734660878,1401826407,Male,1955-06-29,1,5,5,1,1,2022-01-27,2022-05-09,ID
3534171586,7788116963,Female,1962-02-09,5,1,1,0,4,2022-02-21,2022-06-12,JP
3460818018,0347900569,Male,1995-03-16,1,4,1,2,0,2022-02-02,2022-07-17,CN
8984672661,5268873008,Male,1971-10-31,1,5,3,2,2,2022-01-22,2022-06-25,JP
7681971386,6273812179,Female,1970-06-13,5,3,4,3,3,2022-02-15,2022-07-17,PE
6187244664,6642205790,Female,1958-08-01,2,0,4,0,3,2022-02-05,2022-05-26,AR
0408306920,7319863340,Male,1967-04-09,5,5,2,3,5,2022-01-29,2022-06-11,BA
8875048908,5719510966,Male,1999-07-15,2,1,4,0,5,2022-02-03,2022-05-01,CN
9284311047,1637332807,Female,1994-07-11,2,0,3,0,5,2022-02-14,2022-04-22,GR
3401392425,5828100831,Male,1960-03-25,3,3,5,1,0,2022-02-15,2022-06-23,CN
8977856752,3407933096,Male,1990-09-28,4,0,5,0,4,2022-02-23,2022-05-11,ID
6810607412,8010389994,Male,1957-09-15,4,0,0,0,1,2022-02-11,2022-07-07,JM
1416316264,2735416127,Male,1987-05-10,2,3,3,0,2,2022-01-25,2022-06-01,CN
5751345770,6584938921,Male,1957-04-26,5,3,2,3,1,2022-01-26,2022-04-26,ID
7995818963,7214252902,Female,1986-05-20,3,5,1,2,3,2022-01-24,2022-05-21,PK
9882282067,5031636467,Female,1963-04-08,5,3,0,0,5,2022-02-05,2022-05-27,TH
6799853572,4131893878,Male,1977-08-18,2,3,3,1,1,2022-01-23,2022-06-06,BR
9073157854,6207939107,Male,1973-02-05,4,2,2,2,4,2022-02-01,2022-07-25,CN
7904412675,1350646717,Female,1972-09-05,4,4,5,1,2,2022-01-23,2022-06-03,CM
0828367663,6318886273,Female,1995-06-30,5,0,3,0,1,2022-01-22,2022-05-08,ID
1906395330,3340879222,Female,1990-03-04,4,2,2,2,0,2022-02-12,2022-08-05,CN
6396400480,8974244993,Male,1982-12-24,5,2,1,3,5,2022-01-23,2022-07-12,US
8385807977,5149879401,Male,1954-09-11,3,2,0,3,4,2022-02-20,2022-05-06,ID
3825950735,1603153764,Female,1999-08-24,3,2,1,3,2,2022-02-17,2022-07-06,UA
9081271482,6935167361,Female,1976-03-19,2,4,3,0,1,2022-01-25,2022-06-02,PH
7013573566,5556301026,Female,1998-04-08,2,3,5,2,1,2022-02-20,2022-07-03,BW
0340998628,4236035405,Female,1995-08-27,3,1,0,0,1,2022-02-11,2022-05-22,CN
6350726014,5383846786,Female,1968-09-16,1,4,5,2,2,2022-01-25,2022-07-20,ID
9435512976,3509610261,Female,1954-06-01,5,0,0,2,2,2022-01-31,2022-06-04,RU
0788424149,4682905007,Female,1972-03-30,3,4,3,1,4,2022-01-23,2022-05-06,RU
2088100636,9785782859,Female,1959-09-16,2,2,3,1,5,2022-02-17,2022-05-19,CD
8113364714,0043984371,Male,1975-01-26,3,4,5,3,2,2022-02-19,2022-07-19,CO
7940212729,4806468924,Male,1995-02-07,2,4,5,0,4,2022-02-07,2022-04-26,CN
8168317521,6595368811,Male,1983-12-31,2,0,0,2,2,2022-02-11,2022-07-19,CN
7705158434,0086319299,Male,1998-06-27,3,5,1,2,4,2022-02-09,2022-04-16,NI
8741276884,9269815536,Female,1954-04-17,3,4,5,2,2,2022-02-21,2022-06-21,SI
9681129776,0856414220,Male,1960-08-23,3,5,5,2,0,2022-02-09,2022-06-18,ID
7627247497,9331806434,Male,1971-10-06,5,1,3,3,5,2022-02-08,2022-07-31,PY
7256631073,9404853550,Male,1951-04-14,2,5,4,2,1,2022-01-30,2022-05-22,PH
9651699116,2249342547,Female,1973-09-05,5,1,5,1,4,2022-02-13,2022-06-05,RU
5571888474,3055839188,Male,1984-04-09,2,4,3,3,1,2022-02-06,2022-07-19,MK
7684697617,8791442761,Female,1958-04-02,3,2,5,1,1,2022-02-20,2022-08-16,RU
3637097389,7442015395,Female,1987-05-08,2,4,0,2,1,2022-02-04,2022-04-03,TN
0785190287,9830664279,Male,1976-06-07,4,5,1,0,3,2022-02-20,2022-05-12,CA
9405565869,4671065290,Male,1989-02-01,2,0,5,2,2,2022-02-06,2022-08-16,AL
4188280239,8167170373,Male,1988-06-15,2,1,4,0,3,2022-02-22,2022-06-28,BR
1193167515,5234443434,Female,1975-03-07,2,4,2,3,5,2022-01-20,2022-05-02,CA
5863465786,4840592020,Male,1999-11-24,1,5,0,1,2,2022-02-04,2022-06-07,VN
2072337305,0092166504,Male,1979-05-04,5,0,0,2,4,2022-02-22,2022-05-22,AL
1029465770,0680905820,Male,1989-10-12,3,2,5,3,5,2022-02-24,2022-06-20,CN
6693078001,7153832041,Male,1981-01-26,3,1,1,3,1,2022-02-23,2022-04-18,US
8956657858,6682228244,Male,1952-10-27,2,3,4,3,2,2022-01-23,2022-07-04,CN
7180272663,6887099772,Female,1961-08-21,2,3,3,3,1,2022-01-25,2022-08-04,TH
3569158349,6392822127,Female,1961-09-09,1,2,2,2,2,2022-02-17,2022-04-13,ID
9050309305,1661174949,Male,1950-08-20,5,5,0,3,2,2022-01-22,2022-05-18,PH
1001082370,9167146899,Female,1978-05-02,3,5,2,3,1,2022-02-20,2022-07-30,CN
2225828245,4724311959,Male,1993-01-24,2,0,0,3,2,2022-02-13,2022-08-09,AM
0194355632,8478414665,Male,1978-09-04,4,5,1,2,0,2022-02-19,2022-07-01,FR
9700599620,8412480600,Female,1974-08-15,3,1,0,0,0,2022-02-02,2022-05-18,PH
7531794780,5599834247,Male,1965-07-11,2,4,5,0,4,2022-02-15,2022-04-07,CO
6668612776,2988591636,Male,1971-02-19,3,2,5,0,5,2022-01-31,2022-06-12,CN
7040777681,0503560804,Female,1968-12-10,2,1,1,1,1,2022-01-30,2022-05-07,SE
8341954524,1702952177,Female,1952-05-25,1,4,0,3,3,2022-02-13,2022-04-19,NL
9203288821,2627190350,Male,1995-11-17,2,4,5,0,5,2022-02-02,2022-06-21,ID
3265929523,4055064594,Female,1970-12-18,5,2,2,0,4,2022-01-22,2022-07-17,CN
7701484493,1846153190,Female,1997-10-13,4,3,4,0,3,2022-01-27,2022-07-26,GR
7765083228,0748128964,Male,1980-06-09,2,3,0,1,2,2022-02-08,2022-06-25,ID
9814882720,1047918722,Male,1954-08-14,3,0,0,1,4,2022-02-20,2022-04-16,CN
4209022616,3132557129,Female,1962-06-02,4,1,2,0,1,2022-02-02,2022-06-02,CN
1540893464,2091389609,Female,1973-04-02,2,4,2,2,4,2022-02-02,2022-05-28,PH
7939011146,6902952469,Female,1952-06-26,5,5,1,3,1,2022-01-31,2022-05-13,PS
6902352445,3592380370,Female,1991-05-02,3,4,2,3,4,2022-02-10,2022-05-08,ID
8172274181,2930944536,Male,1988-12-19,3,0,5,2,3,2022-01-20,2022-07-05,ID
8669124742,8838113645,Female,1977-05-26,4,1,0,3,3,2022-02-19,2022-05-24,BR
9900506804,9336945491,Male,1956-04-10,4,1,1,3,0,2022-02-15,2022-05-12,CA
1087293758,3072843376,Female,1972-10-09,5,2,0,0,1,2022-02-18,2022-04-12,CN
8379947894,5171157537,Female,1996-07-14,3,4,4,2,4,2022-02-01,2022-08-11,CZ
5727523729,9859272743,Male,1951-03-15,2,3,2,1,2,2022-01-20,2022-05-17,TZ
4460546108,1343031656,Male,1954-01-11,4,2,2,1,4,2022-01-24,2022-05-13,CA
0574118241,0416135005,Female,1963-11-08,3,4,3,2,1,2022-02-01,2022-05-10,PE
9528954219,7202331179,Female,1981-04-21,3,2,0,2,0,2022-02-05,2022-07-12,ID
3454443768,7365577908,Female,1978-02-25,5,2,5,3,0,2022-02-12,2022-04-07,RU
4508048080,0284966517,Female,1979-09-27,3,1,4,1,0,2022-01-22,2022-04-05,RS
0565893513,6749236693,Female,1996-11-26,5,5,5,0,2,2022-02-06,2022-07-24,RU
4135280838,4989069293,Male,1950-11-29,3,0,2,2,5,2022-02-08,2022-05-15,DO
5729301650,4347130376,Female,1969-01-02,4,2,5,3,5,2022-02-02,2022-06-03,TH
9205669032,0261973061,Male,1959-07-26,5,1,1,1,5,2022-02-18,2022-07-28,ID
6032038262,6681934560,Female,1978-08-24,4,4,1,3,1,2022-01-23,2022-08-10,PT
6207735404,6576332653,Male,1991-07-29,4,2,0,0,4,2022-01-20,2022-04-03,PH
6009156769,3144512036,Female,1968-01-25,5,4,0,1,3,2022-02-12,2022-06-11,CN
7785999368,1880364204,Male,1986-03-12,2,3,0,1,4,2022-02-09,2022-08-16,PL
9360883697,1778912397,Male,1981-10-05,5,1,1,3,5,2022-01-31,2022-07-31,CN
9222879031,0371128080,Male,1987-04-08,3,0,2,0,3,2022-01-24,2022-08-15,LU
7023830979,0678891974,Male,1970-11-28,3,3,0,2,2,2022-02-02,2022-07-18,CN
9396152552,9843567471,Female,1985-11-22,3,0,2,1,5,2022-01-29,2022-06-04,PL
2525131827,8195072968,Male,1980-06-23,4,4,5,3,3,2022-02-15,2022-06-04,BO
0903884089,7954077470,Male,1955-09-11,1,4,5,2,0,2022-02-05,2022-07-24,CA
6629422481,0955387566,Female,1953-10-20,5,0,1,2,1,2022-01-24,2022-05-07,PT
3323119975,0311950035,Male,1969-08-16,3,5,2,0,1,2022-01-23,2022-05-07,SD
9426922938,9744188545,Male,1967-03-11,5,1,2,0,2,2022-02-21,2022-08-05,PA
2626832537,5216059512,Male,1966-06-01,4,5,4,0,1,2022-02-23,2022-04-22,TH
0822183633,2507036273,Male,1950-05-17,3,5,0,2,4,2022-02-07,2022-05-09,LA
0008965560,5926923808,Female,1952-01-06,4,0,5,1,5,2022-02-14,2022-04-10,US
4520518687,0025526510,Female,1957-10-15,3,0,4,3,1,2022-01-27,2022-07-07,RU
3682116087,0706874765,Female,1974-02-12,2,3,4,2,1,2022-02-16,2022-06-16,ET
9489745987,1599890623,Male,1980-07-26,5,2,2,0,0,2022-02-10,2022-04-13,MG
8621333309,0541626639,Male,1984-03-25,1,1,0,2,5,2022-02-23,2022-06-23,PK
4660770826,5238969236,Female,1960-09-18,4,2,1,2,3,2022-01-24,2022-06-28,PY
6102536134,0179052780,Male,1968-09-20,3,0,1,3,5,2022-01-28,2022-06-26,CF
1811715494,7918564049,Female,1955-03-06,2,3,1,2,3,2022-02-19,2022-07-20,CY
7256705859,7014921509,Female,1979-09-01,2,4,4,1,2,2022-02-12,2022-06-25,CN
4476584357,5896198515,Male,1981-07-02,2,2,2,2,4,2022-02-03,2022-07-28,GR
3930705389,1659199646,Male,1963-05-24,5,0,0,1,3,2022-02-04,2022-04-30,PH
9600413134,8812547052,Female,1957-10-30,2,4,5,1,4,2022-01-31,2022-07-15,PY
9477013889,5577083877,Female,1956-06-11,5,3,1,3,4,2022-02-13,2022-04-10,PT
2352217865,6033250877,Female,1978-11-22,2,3,4,1,4,2022-02-02,2022-06-05,PT
1499308280,0665405650,Female,1969-05-17,4,0,0,0,5,2022-02-10,2022-08-12,AR
0452087759,4427630677,Female,1951-08-14,1,4,2,3,0,2022-02-12,2022-07-13,ET
7813167791,4705853997,Male,1959-12-28,4,2,3,1,0,2022-01-26,2022-07-21,CN
9515247195,5262281338,Female,1966-02-07,4,0,1,0,1,2022-02-17,2022-08-06,CN
7073698845,9763840643,Male,1977-05-03,4,5,5,1,0,2022-01-30,2022-06-05,ID
0094280274,5591331114,Female,1959-09-09,3,1,3,2,2,2022-02-14,2022-05-05,ID
1682367002,3989598600,Male,1951-08-12,3,0,4,0,2,2022-01-25,2022-04-09,CN
5540427343,2100335545,Male,1983-04-26,4,2,2,0,4,2022-02-11,2022-05-16,CN
4518360176,9959069974,Male,1991-09-19,4,4,3,0,5,2022-02-02,2022-05-22,CN
6533441841,3089915839,Female,1962-03-14,1,1,4,0,2,2022-02-08,2022-04-19,CN
2687882704,2462857206,Female,1959-09-14,2,3,4,2,1,2022-01-27,2022-08-14,BR
8543396085,8444239372,Male,1964-11-03,5,4,0,0,1,2022-01-21,2022-06-23,US
8454033440,4708134738,Male,1982-11-28,2,5,1,2,0,2022-01-28,2022-04-18,CN
2793834130,8680491748,Female,1972-10-15,4,0,4,3,0,2022-02-22,2022-06-03,CO
6858896341,7365774061,Male,1963-12-27,4,4,2,0,2,2022-02-20,2022-05-02,CN
7912184740,1482335913,Female,1970-06-13,4,4,2,0,0,2022-02-19,2022-06-18,CN
7979316436,7199760051,Male,1960-07-16,4,4,4,2,0,2022-01-31,2022-08-05,HT
0541970194,2348770326,Female,1982-03-08,5,5,1,1,4,2022-02-12,2022-06-04,MK
0847356140,7634287946,Female,1970-10-01,2,5,1,1,5,2022-02-22,2022-07-26,CN
9572840452,4160678343,Female,1956-10-13,5,4,5,2,1,2022-02-18,2022-06-12,ZA
2150469146,5354156637,Female,1973-11-09,3,1,2,0,4,2022-02-16,2022-06-06,RU
5584528307,9796333910,Female,1976-04-06,1,3,5,0,3,2022-01-29,2022-06-26,PE
5903138810,2285411863,Female,1974-07-18,5,4,1,0,1,2022-01-20,2022-06-17,FR
9991085823,8149168451,Male,1978-06-20,2,4,3,1,5,2022-02-06,2022-06-24,CN
9924174917,9793809949,Male,1986-02-05,3,0,1,0,4,2022-02-16,2022-06-29,CN
2318421552,8403780486,Female,1951-11-06,1,0,2,0,4,2022-01-29,2022-06-04,KZ
7268326556,4634040336,Female,1950-12-23,2,2,3,3,1,2022-02-04,2022-04-24,ID
3580520229,1867549298,Male,1989-10-25,5,5,4,0,1,2022-02-23,2022-04-28,CN
0541580167,8940321898,Female,1964-07-08,2,2,3,1,0,2022-01-30,2022-07-17,RU
4749912565,2103175697,Female,1987-09-20,3,1,0,0,1,2022-02-06,2022-05-01,BR
9615768472,6552120850,Female,1953-01-23,1,2,4,1,0,2022-01-22,2022-04-29,ES
8301521422,1522193340,Female,1974-09-15,4,2,2,0,3,2022-02-11,2022-05-17,DK
2453595490,4221264179,Female,1986-11-04,2,4,1,2,2,2022-02-22,2022-06-11,SE
6367954554,9705941114,Female,1989-05-11,5,0,1,0,5,2022-02-22,2022-04-08,US
0290334640,6593319341,Male,1973-03-16,5,5,1,1,4,2022-02-22,2022-07-08,CN
3530054704,2013725019,Male,1976-11-13,3,4,1,2,5,2022-02-04,2022-05-19,ID
2512258424,8804599111,Male,1977-07-05,5,4,1,1,0,2022-02-11,2022-05-21,CN
1006049525,2279188694,Male,1977-05-18,5,0,3,2,5,2022-02-06,2022-07-05,ID
3445251673,4417777683,Female,1982-07-05,1,4,1,0,5,2022-02-23,2022-06-13,TH
5611643248,4515612182,Female,1972-12-26,4,2,3,2,2,2022-02-09,2022-07-07,BR
0056195230,9856307538,Female,1990-11-29,1,2,5,2,1,2022-02-17,2022-04-20,PH
7111737598,0598336877,Female,1976-10-07,5,0,3,0,3,2022-02-07,2022-05-14,CA
7168852191,7291076986,Male,1972-08-03,4,3,5,0,3,2022-02-13,2022-06-22,ZA
9307897085,4882434954,Male,1970-04-14,3,0,4,2,3,2022-02-10,2022-06-11,CN
1264146507,2308853824,Female,1950-11-01,1,5,2,2,3,2022-02-01,2022-05-15,ZA
0860056708,9992478268,Female,1988-01-10,3,1,3,0,4,2022-02-24,2022-07-04,TJ
7526411356,3226941577,Female,1958-05-17,1,0,5,0,5,2022-01-20,2022-06-26,BY
7337326521,9684432941,Female,1964-05-07,1,3,3,3,3,2022-01-22,2022-08-14,TH
1112413766,5235084233,Female,1982-05-22,2,0,1,3,4,2022-02-23,2022-08-14,CN
8251027853,2806491436,Female,1978-11-11,3,0,3,0,2,2022-02-23,2022-08-03,PT
2309541664,1057871842,Female,1962-11-03,5,3,1,0,5,2022-02-12,2022-07-30,SB
2062587716,1230040986,Female,1967-10-02,5,5,2,3,2,2022-02-07,2022-08-03,SI
1505536782,6389677030,Female,1971-05-14,5,4,4,2,5,2022-02-03,2022-07-10,JP
5366786460,8267241833,Male,1992-10-14,3,3,1,0,3,2022-01-27,2022-07-26,CL
3135482650,4562329874,Male,1996-03-14,5,3,4,0,0,2022-02-11,2022-05-05,PH
3367944114,7486695499,Female,1986-12-08,2,5,0,0,5,2022-02-23,2022-08-02,SY
5846750710,1100047077,Male,1984-01-21,5,4,2,3,1,2022-01-24,2022-04-08,CA
5730996489,9827318403,Male,1979-03-29,2,1,5,2,0,2022-02-10,2022-05-28,PT
0623687313,1041633106,Male,1979-12-13,3,0,5,2,2,2022-02-18,2022-04-09,AF
2089774053,5385296236,Male,1992-09-29,1,4,1,2,1,2022-01-20,2022-04-26,GB
8116784196,7088506750,Male,1994-08-10,4,0,0,2,5,2022-01-31,2022-04-11,CN
0145469875,2442540967,Female,1993-01-19,1,0,2,3,3,2022-02-06,2022-06-20,ID
3626759024,1821159586,Male,1995-04-26,5,2,5,0,4,2022-02-08,2022-06-22,ET
0501688196,2469824354,Female,1983-05-09,5,3,1,1,3,2022-02-07,2022-08-13,BR
5414926093,2991377178,Female,1968-09-09,4,1,4,3,0,2022-01-22,2022-08-04,ID
1430457309,2561531775,Female,1986-05-16,2,5,4,1,4,2022-01-26,2022-05-14,BD
0643158278,5923319543,Male,1999-08-08,1,2,0,2,2,2022-01-27,2022-05-10,CN
4952015548,8338632414,Female,1975-02-06,1,4,0,3,1,2022-02-04,2022-04-22,UG
6467045602,9397894439,Male,1964-11-27,3,3,5,0,2,2022-02-07,2022-05-25,CN
6390602146,2692257553,Female,1960-06-22,1,2,5,0,0,2022-02-17,2022-06-07,HN
2018063650,9191724422,Female,1982-06-17,1,0,4,1,3,2022-02-23,2022-05-22,IL
2298035326,7089196194,Female,1983-09-25,3,1,0,2,3,2022-02-09,2022-07-20,PT
1823398391,6767311170,Male,1952-09-06,2,2,5,3,0,2022-02-14,2022-04-12,TH
8344076609,9356239649,Female,1988-01-18,2,1,5,3,5,2022-01-30,2022-05-28,CD
6631983495,0436175355,Male,1952-11-05,4,1,3,1,2,2022-02-19,2022-05-08,SV
7595122732,1577064240,Female,1975-02-15,4,2,0,1,5,2022-02-13,2022-07-01,IR
7841770065,2278064584,Female,1991-05-19,4,0,4,2,3,2022-02-22,2022-04-07,TH
4767581451,8950869071,Female,1961-08-14,4,4,1,2,0,2022-02-07,2022-07-25,BR
6231878120,8994457232,Male,1970-12-20,1,1,3,2,5,2022-01-29,2022-05-27,NG
2766916571,2685736611,Female,1962-01-01,3,0,3,3,1,2022-02-10,2022-08-01,CN
5824253455,0398634807,Female,1970-08-28,3,4,3,3,5,2022-02-01,2022-07-27,CN
2052982426,9028473645,Male,1977-04-06,5,4,2,1,5,2022-02-04,2022-06-26,CR
5754895216,4133868161,Male,1986-08-22,2,0,0,2,1,2022-02-08,2022-05-28,PL
4756452957,3007728266,Female,1971-03-15,3,0,5,2,2,2022-01-20,2022-08-18,RU
9310071265,0222199865,Male,1961-07-13,5,4,4,2,4,2022-02-05,2022-07-20,CN
5967754156,4218406766,Male,1986-03-08,5,5,3,1,3,2022-02-11,2022-05-04,SE
0690681607,1172248451,Female,1978-12-27,4,0,3,0,1,2022-02-06,2022-07-26,PT
4763580930,2091379387,Female,1991-05-07,5,5,2,2,4,2022-02-03,2022-07-20,US
7323434882,4632433004,Male,1993-09-13,3,3,2,2,2,2022-01-25,2022-06-17,CO
9235430275,7878678111,Male,1968-12-30,5,0,0,1,0,2022-02-18,2022-05-26,ID
7985581480,6653731243,Female,1983-12-13,2,4,2,2,5,2022-01-22,2022-07-18,SE
9951392075,9652441910,Male,1956-04-05,2,5,5,1,2,2022-02-15,2022-05-13,SY
5628399027,9368894094,Female,1977-12-04,4,5,4,0,3,2022-01-28,2022-05-26,RU
8391303527,4327110515,Male,1950-04-21,4,4,2,2,1,2022-02-01,2022-07-07,ES
3382261073,4515181610,Male,1990-07-13,5,3,2,1,0,2022-02-12,2022-06-20,PH
8535056580,3711500250,Male,1973-09-02,4,0,1,2,3,2022-01-21,2022-04-15,RU
4962729470,6359154188,Female,1964-04-25,2,3,0,0,4,2022-02-21,2022-06-10,MZ
6314442567,0552554642,Female,1981-09-01,2,1,1,0,1,2022-01-20,2022-06-25,ID
0267867190,6489933233,Female,1995-12-10,4,3,4,0,0,2022-01-28,2022-05-01,NZ
4632131822,5652285737,Female,1958-06-15,1,3,5,2,3,2022-01-29,2022-06-05,PH
7379707566,0577241869,Female,1969-05-27,2,0,2,0,4,2022-02-03,2022-06-26,DO
8437608120,7649454142,Female,1981-02-13,3,0,1,3,3,2022-02-17,2022-04-07,RU
8473952391,1262500877,Female,1953-08-16,1,5,5,0,3,2022-02-08,2022-07-29,CN
0452341000,7080012686,Female,1970-07-25,2,0,3,2,5,2022-02-03,2022-04-19,CN
0392456761,0040764311,Male,1965-11-17,2,4,1,1,4,2022-02-16,2022-07-19,PH
0435275968,9775908159,Female,1957-10-13,3,5,1,0,1,2022-01-28,2022-05-29,UG
5163894269,0801145554,Female,1964-09-01,5,3,0,0,3,2022-01-28,2022-06-15,MZ
2835179275,9697699860,Female,1979-05-16,1,0,3,3,0,2022-02-12,2022-08-03,VN
5932341602,6392141766,Male,1957-01-15,3,3,0,3,0,2022-02-06,2022-04-05,CN
8865419946,7266547814,Female,1961-11-05,1,3,5,2,4,2022-02-22,2022-06-09,CN
0642946078,2561312755,Male,1953-03-17,5,2,1,2,5,2022-02-14,2022-04-25,CN
9838619329,0899043712,Male,1999-01-22,5,1,0,0,1,2022-02-05,2022-05-15,BA
5687823530,3457487006,Female,1983-02-04,4,5,4,3,2,2022-01-27,2022-06-09,JP
4017577326,5575794644,Female,1991-12-28,5,0,0,0,1,2022-02-10,2022-07-28,CZ
4295817481,8702981505,Male,1956-09-04,5,4,2,1,3,2022-01-30,2022-07-10,PL
4340468487,0827145934,Male,1999-07-31,5,3,1,0,4,2022-02-18,2022-04-28,CY
8782354413,6189128491,Female,1983-05-24,2,3,2,2,3,2022-01-30,2022-05-19,CZ
8341441667,7510682312,Female,1987-02-24,3,4,5,3,2,2022-01-31,2022-07-08,PH
6147852396,1251394442,Male,1958-07-29,5,2,5,1,0,2022-02-08,2022-07-31,BR
6416497107,2769318268,Female,1993-07-16,1,0,4,3,4,2022-02-23,2022-05-30,TZ
6289083171,3625603152,Male,1964-07-28,4,1,2,3,0,2022-02-12,2022-08-18,CN
4114930507,8582691734,Male,1968-02-12,5,4,3,0,3,2022-02-04,2022-04-15,BR
5429808407,2057188604,Female,1984-12-06,5,0,3,3,2,2022-02-14,2022-04-08,SE
9920008834,9863667242,Male,1954-01-21,4,1,0,2,3,2022-01-20,2022-05-02,ID
9563281144,7415177606,Female,1953-02-09,3,1,1,0,4,2022-02-16,2022-04-12,FR
2421265010,9495838983,Male,1954-12-12,5,3,1,3,0,2022-01-27,2022-07-21,CN
3533701174,6160453777,Male,1989-01-03,1,4,2,3,0,2022-01-25,2022-04-30,PT
5431387472,2521819417,Male,1977-01-14,5,1,3,0,3,2022-01-28,2022-05-02,CN
4883509443,4088844386,Male,1991-10-22,2,3,0,0,5,2022-01-26,2022-06-27,PL
1618850091,0769926401,Male,1969-07-23,2,4,2,3,4,2022-01-31,2022-07-24,CN
0409544302,8251957591,Male,1984-06-15,2,1,1,1,0,2022-02-18,2022-06-25,MN
9703172172,5062333830,Male,1976-01-24,3,0,1,1,3,2022-02-04,2022-08-04,ID
5378610125,0159770742,Male,1993-10-07,2,5,1,2,2,2022-02-17,2022-07-31,MX
7533909313,7459001295,Female,1992-09-14,4,5,0,0,0,2022-02-19,2022-05-26,UZ
3348745721,1408553848,Male,1960-03-16,4,5,2,3,2,2022-02-02,2022-06-21,US
4807488724,4625787912,Male,1960-05-25,5,5,2,0,3,2022-02-18,2022-04-08,CN
6305625069,6912458823,Female,1980-01-18,5,0,4,1,4,2022-02-08,2022-06-27,UA
4331075419,5377846494,Female,1975-10-05,5,1,1,2,0,2022-01-23,2022-04-28,TH
9794479705,7865922868,Female,1963-03-28,1,4,3,1,1,2022-01-28,2022-07-28,CN
5680771160,5341986865,Female,1999-06-30,3,1,2,3,1,2022-02-04,2022-07-16,CN
8118764532,0722540892,Female,1993-06-14,4,4,5,3,5,2022-01-25,2022-04-12,US
6206624722,2695418469,Male,1978-10-18,1,0,3,3,2,2022-02-11,2022-08-04,JP
1654259284,2766763104,Female,1974-12-13,2,2,2,3,5,2022-02-13,2022-06-30,CN
9454297384,9381931836,Male,1978-02-02,3,1,3,0,0,2022-01-23,2022-08-11,CN
7440572122,3984715811,Female,1990-12-15,4,5,5,0,4,2022-01-21,2022-06-18,KG
9910705052,8311628440,Male,1999-08-14,3,4,4,2,2,2022-02-20,2022-07-12,CN
4849520251,7574849854,Male,1952-12-27,5,2,3,1,5,2022-02-21,2022-05-25,PT
1640866779,3845585293,Male,1993-06-28,3,5,2,0,2,2022-02-08,2022-04-28,FR
3957859190,0357336690,Female,1964-05-18,5,4,5,3,0,2022-02-01,2022-05-29,UZ
7990132249,5139509814,Female,1980-10-07,5,1,2,3,3,2022-02-05,2022-05-04,RU
9956552615,9902779506,Male,1951-09-09,4,5,0,1,0,2022-02-10,2022-06-10,CN
8441275424,0524209200,Male,1994-08-23,5,0,2,0,3,2022-01-25,2022-06-20,ID
7067869439,5121252587,Female,1980-04-02,3,5,5,0,2,2022-02-02,2022-05-30,CN
1824960611,8523283196,Female,1956-07-01,3,2,1,0,1,2022-02-20,2022-04-14,CN
2651298360,3159451003,Male,1972-08-12,1,1,4,2,5,2022-02-08,2022-06-14,AR
4193355713,7624592657,Female,1969-07-05,2,0,1,3,1,2022-02-12,2022-04-05,RU
9674037608,8868488795,Male,1983-01-18,2,3,3,1,0,2022-02-08,2022-07-14,SE
3046090854,9751161940,Female,1979-03-19,1,0,1,2,4,2022-02-01,2022-08-07,CN
7786420800,3124368568,Female,1983-08-13,5,3,5,2,0,2022-02-13,2022-06-28,AL
8392445627,0449741176,Male,1966-12-31,1,3,0,0,3,2022-02-14,2022-04-16,CU
7612499207,7657627840,Male,1966-07-15,2,0,5,1,0,2022-02-03,2022-07-23,RU
7173438128,1882091248,Female,1989-11-16,1,2,0,3,0,2022-01-28,2022-04-28,BR
6593464651,9729261636,Female,1974-11-12,1,4,2,0,0,2022-02-05,2022-04-29,CN
4318294323,2105969704,Female,1989-08-17,1,2,1,2,4,2022-02-16,2022-04-20,ID
2265269484,9656759265,Male,1967-10-06,5,4,1,3,1,2022-02-24,2022-07-04,JP
7395757130,7887450993,Male,1972-02-22,3,3,2,3,3,2022-02-21,2022-06-05,LT
7885746151,2148703714,Female,1983-06-18,2,3,1,2,2,2022-02-11,2022-06-02,CN
8155409309,2541348665,Female,1973-04-20,4,0,2,2,2,2022-02-15,2022-06-03,BD
2887542877,7226942372,Male,1958-06-23,4,1,2,2,1,2022-02-21,2022-08-13,MY
8143353672,4408905607,Male,1954-08-12,5,3,2,3,1,2022-02-01,2022-05-22,NZ
8650907466,8434541564,Male,1991-06-02,1,3,0,3,2,2022-02-09,2022-04-09,MX
9421853385,1057462152,Female,1975-11-14,4,4,2,3,3,2022-01-30,2022-04-03,FR
3253382311,1333700016,Male,1966-08-11,1,4,1,2,3,2022-02-21,2022-06-12,UA
8505826612,8337934522,Female,1975-07-24,1,3,1,1,1,2022-01-28,2022-07-06,UA
8994061606,0128059745,Male,1998-08-23,1,1,3,1,2,2022-02-02,2022-06-15,TH
5244189379,7211388676,Female,1982-09-13,5,4,3,1,0,2022-02-11,2022-06-29,PE
4182796861,6424047352,Male,1990-12-30,1,2,1,2,5,2022-02-21,2022-07-31,RU
0094714134,3215991837,Male,1970-06-08,1,0,1,1,4,2022-01-22,2022-08-03,BD
8690762337,9652176389,Male,1971-11-26,1,5,3,0,5,2022-01-22,2022-08-03,CO
6665880044,1972514520,Female,1971-04-12,5,5,3,1,2,2022-02-12,2022-05-08,GB
4946459723,2229222309,Male,1969-10-05,2,3,3,1,2,2022-02-05,2022-06-04,FR
4593118484,8416117578,Male,1997-05-21,3,2,3,0,1,2022-02-13,2022-04-15,CN
1416221115,6986651201,Female,1993-12-13,3,1,1,1,2,2022-02-04,2022-05-06,CN
0327982136,6300522415,Female,1972-07-10,5,5,0,0,0,2022-02-08,2022-04-08,AU
1474187021,6265533398,Female,1960-01-01,5,1,1,0,1,2022-01-24,2022-06-06,LY
2392017298,3915135240,Female,1958-10-12,2,5,3,0,4,2022-02-15,2022-05-31,FR
9253529075,0859223434,Female,1998-08-23,1,4,2,1,1,2022-02-01,2022-07-08,ID
0738426113,0506215059,Male,1960-09-05,3,0,0,2,1,2022-02-21,2022-06-19,PH
9392958269,3569135217,Female,1986-04-10,1,0,4,1,1,2022-02-01,2022-06-10,LT
2523343258,7984722382,Female,1984-07-03,3,1,5,1,4,2022-01-26,2022-04-22,DE
1722634200,8610835138,Male,1951-04-01,3,5,3,3,2,2022-02-05,2022-05-01,AL
8273827615,8011045342,Male,1967-12-06,3,3,1,0,4,2022-02-12,2022-07-07,HR
2573791300,5941377495,Male,1992-10-19,1,5,3,2,2,2022-02-19,2022-07-03,PL
0273950738,6043909251,Female,1955-10-01,2,3,4,2,4,2022-01-21,2022-05-07,CN
3201303240,4058377046,Female,1959-09-11,1,0,0,3,1,2022-02-09,2022-06-05,CN
6550958687,0914426966,Female,1974-02-12,1,2,4,2,3,2022-02-20,2022-04-27,CN
1360952101,0095931163,Male,1979-08-10,5,3,1,0,2,2022-02-21,2022-07-08,PL
0987593676,5614852956,Female,1953-10-12,2,2,1,3,4,2022-02-12,2022-08-07,PL
3465513843,7450965704,Male,1984-06-04,2,1,4,1,0,2022-02-13,2022-07-27,CN
0782830242,5864925764,Female,1953-03-25,2,0,1,3,5,2022-02-16,2022-06-14,KY
9509944610,5782049758,Male,1981-07-13,1,5,2,0,2,2022-02-19,2022-06-16,BR
1379904730,5858958532,Male,1995-12-01,5,4,5,0,1,2022-01-27,2022-06-25,ID
3811132679,0127796371,Female,1953-05-11,5,2,0,3,0,2022-02-04,2022-07-23,CO
3223653724,3246977593,Male,1996-07-15,3,1,2,3,5,2022-02-07,2022-06-27,ID
4736643609,6064033118,Female,1984-12-16,4,2,3,1,1,2022-02-19,2022-06-28,ID
6032925439,8578379365,Male,1977-06-01,2,1,2,2,2,2022-01-26,2022-06-12,SE
7905145654,7759557213,Male,1988-12-03,5,0,3,2,3,2022-02-10,2022-05-06,VN
7444077959,2295852056,Male,1966-11-25,2,1,3,3,3,2022-02-13,2022-05-30,TH
3586275552,1638496668,Female,1956-08-17,1,3,4,1,4,2022-02-18,2022-07-08,ID
3561986617,2803715880,Male,1976-03-28,1,1,2,1,1,2022-01-25,2022-04-30,FR
2459001134,2231696169,Male,1985-10-11,2,1,0,3,0,2022-01-20,2022-05-14,NG
4764949172,5810619533,Male,1985-03-30,1,2,3,2,2,2022-02-03,2022-07-14,RU
8220007354,8853246200,Male,1960-10-08,5,3,2,3,3,2022-02-17,2022-06-17,CZ
6382840343,1923793535,Female,1951-11-23,1,5,2,2,1,2022-01-26,2022-06-29,SA
3557190552,6307961627,Male,1986-10-25,3,1,4,2,3,2022-02-16,2022-07-27,ZA
5682717880,9203983953,Male,1991-06-19,1,3,4,2,3,2022-02-08,2022-06-25,TH
5305815681,1102546097,Male,1989-08-09,4,1,1,0,4,2022-02-01,2022-08-16,CN
7015497565,7919233704,Male,1959-05-15,3,1,5,1,4,2022-02-18,2022-06-14,KZ
7131386243,4166838172,Female,1982-11-14,3,4,5,3,2,2022-02-01,2022-07-18,PT
9833520057,0477660746,Male,1995-07-03,4,4,3,1,2,2022-02-16,2022-06-22,CN
6767780537,0810024403,Male,1971-12-29,5,0,1,3,0,2022-02-13,2022-04-12,CN
6522323982,8578343980,Male,1985-02-25,2,2,1,3,3,2022-02-01,2022-08-09,BW
0698916964,2867807387,Male,1999-06-27,1,2,2,0,0,2022-01-31,2022-04-14,CN
6197850923,5023259722,Female,1972-08-10,4,2,5,2,4,2022-01-25,2022-07-24,CN
0318840588,5374236415,Female,1985-03-06,4,1,5,0,0,2022-02-08,2022-05-19,PT
9528307612,1483157563,Female,1992-04-15,4,2,2,2,0,2022-02-12,2022-07-15,AL
8143104133,6516185409,Female,1964-12-08,1,3,2,3,2,2022-02-19,2022-06-26,SE
3660183407,0602762804,Male,1955-03-05,5,1,0,3,0,2022-02-12,2022-07-24,RU
3634621265,9750247450,Male,1969-01-27,3,1,2,1,3,2022-02-06,2022-08-03,TZ
8678941189,9317252419,Female,1961-02-20,2,3,1,1,1,2022-02-14,2022-07-28,ZA
0978394984,8408906232,Male,1997-05-21,4,3,5,2,1,2022-01-26,2022-06-15,CN
3529094633,0906991080,Female,1950-08-01,2,0,0,3,4,2022-01-25,2022-06-23,CN
8695177343,2480689484,Female,1981-03-02,2,5,1,2,3,2022-02-09,2022-05-03,AR
0068658265,6691460669,Female,1953-11-14,5,0,3,2,1,2022-02-10,2022-05-21,RU
8760412534,7722793401,Female,1988-12-24,5,3,2,1,2,2022-01-29,2022-06-19,AR
1008029971,6843738664,Female,1984-09-26,1,5,0,2,0,2022-02-17,2022-05-14,NG
0837536782,2426302410,Male,1957-03-08,4,0,5,3,5,2022-02-08,2022-08-11,ID
0766554872,2186663104,Female,1990-11-15,4,0,1,1,2,2022-02-03,2022-05-14,BR
8322149476,0992536944,Male,1954-02-14,1,4,2,3,4,2022-02-22,2022-06-12,LT
8160250754,6489344092,Female,1982-12-02,5,2,3,1,0,2022-01-24,2022-06-12,ID
7711954778,8004038514,Female,1974-09-20,5,4,5,3,2,2022-02-20,2022-04-29,PH
1106168631,9030898259,Male,1964-03-07,4,1,3,1,4,2022-01-24,2022-06-08,CN
3340724539,4956458274,Male,1998-09-17,2,1,2,0,5,2022-01-29,2022-07-25,CN
8190803425,6664170434,Female,1963-03-01,1,5,5,3,0,2022-02-23,2022-06-08,CA
3842646186,1811764886,Male,1963-10-24,5,0,4,2,2,2022-02-06,2022-08-18,PH
1651669317,7629510306,Female,1989-08-23,5,5,5,1,2,2022-02-19,2022-04-03,RU
0977163970,6745252511,Female,1951-01-10,2,0,2,3,0,2022-02-07,2022-04-05,ID
5528547350,9870526934,Female,1983-05-15,3,5,0,0,1,2022-02-07,2022-07-11,IE
4499911079,5690458228,Male,1963-12-29,3,5,0,2,1,2022-01-25,2022-04-14,CN
4274976033,5569316698,Female,1956-08-22,4,2,5,2,0,2022-02-09,2022-05-31,MY
7418905289,4667150319,Female,1957-02-13,1,0,4,1,5,2022-02-20,2022-04-22,ID
9062156843,0694910767,Female,1971-01-08,4,0,1,0,2,2022-02-16,2022-06-06,ID
2723650537,9058518558,Male,1973-12-02,4,3,3,1,4,2022-01-29,2022-06-28,TH
6747874048,0418699399,Male,1981-02-06,4,5,2,2,0,2022-02-12,2022-05-08,CN
1037628497,0846064952,Male,1976-05-08,1,1,0,3,0,2022-02-06,2022-06-15,CN
4354081385,9903149220,Male,1997-12-11,1,1,2,0,4,2022-01-26,2022-07-14,PH
0383051444,8383813953,Female,1984-01-17,1,0,0,0,1,2022-02-18,2022-05-10,RU
1500201227,5011907937,Male,1991-05-07,3,1,3,0,5,2022-02-06,2022-08-13,VN
3844971114,8071636592,Male,1959-05-27,4,3,2,0,3,2022-02-18,2022-06-15,CN
6379610448,7937884479,Male,1979-10-17,2,3,3,1,2,2022-02-16,2022-07-06,BR
1998418758,6831454526,Male,1985-09-23,3,1,4,1,4,2022-01-26,2022-05-03,CN
9037590950,0814205402,Female,1972-12-06,4,0,4,1,0,2022-02-15,2022-04-16,RU
8346952694,5761102781,Female,1961-03-01,2,3,4,3,5,2022-02-14,2022-08-07,FR
8366013391,0313975086,Male,1950-07-07,2,2,2,3,0,2022-02-04,2022-05-10,YE
6008039173,0131727362,Female,2000-01-20,4,2,4,1,3,2022-01-29,2022-08-15,PL
7992566750,0498895963,Female,1962-06-30,4,2,2,2,0,2022-02-13,2022-05-26,MX
5769871776,2362145352,Male,1988-09-20,4,2,4,1,2,2022-02-10,2022-06-25,RU
0104578599,6338706912,Male,1985-09-27,2,5,4,2,0,2022-01-27,2022-04-30,CN
9543148546,4381488016,Female,1999-07-16,1,4,2,0,2,2022-02-02,2022-07-26,DE
0440521920,4616837376,Female,1990-01-14,1,5,1,2,0,2022-02-03,2022-07-20,CN
9709199129,5892457303,Female,1974-12-06,2,1,2,1,5,2022-02-13,2022-05-04,IR
8327105299,4095854022,Female,1983-03-06,3,4,1,0,0,2022-02-12,2022-04-05,JP
9562463303,4025054035,Female,1962-09-03,1,4,5,0,0,2022-01-24,2022-06-15,PH
0677968531,0320391728,Female,1951-05-18,1,1,1,3,1,2022-01-20,2022-05-06,PL
4388315427,9363023478,Female,1982-02-10,1,2,3,1,0,2022-02-04,2022-07-23,ID
7328992298,0449928446,Female,1958-01-14,3,2,5,1,4,2022-02-10,2022-06-19,NG
8765904532,8792114008,Female,1983-04-03,2,1,3,0,5,2022-02-16,2022-07-22,RU
0596272510,6341884575,Male,1997-12-27,5,0,5,2,5,2022-01-26,2022-05-17,NG
7842761442,8221829293,Female,1999-08-16,2,1,2,3,5,2022-02-23,2022-07-27,PT
4619459100,8697538343,Female,1987-09-13,1,4,5,1,2,2022-02-13,2022-07-22,ID
5283538435,8879299905,Female,1984-06-15,5,1,4,3,2,2022-01-22,2022-04-09,ID
1825383812,7002269313,Female,1959-05-09,3,3,1,2,1,2022-01-27,2022-06-03,RW
1880179032,8400223136,Female,1962-08-20,2,2,2,2,3,2022-01-29,2022-04-20,SI
2711849996,5504819857,Female,1993-07-04,5,4,1,3,0,2022-02-21,2022-05-17,FR
5589777682,5690216690,Female,1975-09-17,4,2,2,2,2,2022-01-22,2022-05-03,CN
6422771258,0098232754,Male,1985-05-31,2,1,0,0,4,2022-01-23,2022-07-27,CO
9092795364,9532204199,Male,1978-08-15,5,0,5,1,0,2022-02-03,2022-08-16,CN
6014513485,0777498197,Male,1984-05-16,2,1,5,2,0,2022-02-14,2022-08-05,PL
2770686771,0929736176,Female,1987-02-22,4,0,1,3,3,2022-02-08,2022-08-09,AR
3466970474,3494136173,Female,1972-07-12,4,2,2,0,1,2022-02-22,2022-07-11,PL
7461573489,9634388345,Female,1981-06-06,1,3,2,1,4,2022-02-01,2022-04-30,CO
0068207018,9867121171,Female,1977-02-16,2,3,0,0,2,2022-02-12,2022-07-27,CZ
0998187607,1451518102,Female,1967-09-20,3,1,3,2,2,2022-01-25,2022-06-22,ES
2865287823,1780272324,Female,1977-06-03,1,2,3,1,5,2022-02-18,2022-08-13,FI
3022048327,6732347993,Male,1989-06-18,2,4,4,0,1,2022-02-22,2022-06-04,CN
6649231428,1897792387,Female,1966-09-16,3,0,0,3,2,2022-02-05,2022-06-26,RU
7172504119,8905120644,Male,1975-06-11,4,4,2,1,1,2022-01-29,2022-07-21,GR
1967135932,4260406310,Female,1982-04-25,1,0,3,1,5,2022-02-09,2022-08-08,CN
5271353540,4898425798,Female,1951-03-17,2,4,3,3,4,2022-01-24,2022-06-06,US
7754800527,3791351001,Male,1953-07-17,4,1,0,1,4,2022-02-11,2022-05-16,CN
2794680609,8046797774,Female,1959-01-30,3,4,0,1,1,2022-02-21,2022-08-03,ID
8479853174,3794167937,Male,1970-11-27,5,4,2,3,3,2022-02-11,2022-07-10,LT
4551841412,0260254282,Male,1959-05-29,3,3,3,0,1,2022-02-15,2022-06-29,TH
9874793872,2436805776,Male,1965-05-30,4,3,5,2,5,2022-02-05,2022-06-04,CN
4542038092,5471708008,Female,1975-01-13,3,4,2,2,1,2022-02-13,2022-04-20,CN
5640541733,7080105129,Male,1968-12-03,2,3,3,2,0,2022-02-20,2022-07-11,RU
9524705583,5242250038,Male,1980-11-06,4,4,4,3,2,2022-02-01,2022-06-29,ID
5798392945,5027545355,Male,1983-01-03,1,4,1,1,4,2022-01-27,2022-06-04,TH
8801079400,9006470759,Female,1986-04-15,5,5,3,2,2,2022-02-23,2022-04-05,CM
2600505970,8852437819,Male,1998-08-23,2,4,4,3,0,2022-01-31,2022-04-18,ID
9469362608,6997828337,Female,1963-07-25,4,5,2,1,4,2022-01-20,2022-05-21,CZ
8768676263,1015643442,Female,1976-04-10,5,5,5,3,2,2022-01-25,2022-05-21,ID
7039429470,2053833068,Female,1995-05-07,3,4,2,3,2,2022-01-31,2022-05-13,TH
4481870532,5551801578,Female,1989-08-16,3,0,1,2,3,2022-02-14,2022-07-20,CO
2537715330,8286664418,Male,1983-02-23,5,4,3,0,5,2022-02-16,2022-07-23,PT
3813730050,8747543329,Male,1971-04-18,2,3,4,3,5,2022-01-21,2022-04-29,PT
4052645324,4028822637,Male,1965-05-20,2,2,2,2,2,2022-01-21,2022-04-07,AM
7930487318,2662920920,Male,1953-08-21,5,0,0,0,3,2022-01-25,2022-07-25,PL
4398033831,6361011860,Female,1959-04-08,2,5,2,2,0,2022-01-24,2022-07-07,PA
5955433872,7318786261,Male,1970-11-07,2,1,2,2,1,2022-02-19,2022-04-13,PH
2221799445,8524400749,Female,1990-07-18,4,0,5,1,3,2022-01-21,2022-05-28,ID
9242402508,1582781974,Male,1977-07-30,1,2,5,0,5,2022-01-20,2022-08-07,PL
2766357963,5179609577,Female,1975-10-07,2,0,0,2,5,2022-02-02,2022-05-03,PT
9793490810,6126339037,Male,1976-11-03,1,3,3,1,1,2022-02-17,2022-07-29,CZ
8068931023,3297135492,Male,1973-03-10,4,4,2,1,0,2022-02-12,2022-05-07,CD
6011673066,0682480096,Male,1954-02-10,2,4,3,1,1,2022-02-08,2022-04-16,PL
0724705236,4332339835,Male,1981-10-23,1,4,2,3,5,2022-01-29,2022-06-22,PT
6894870039,7649265447,Female,1955-07-22,3,1,4,3,5,2022-02-21,2022-08-04,ID
3410766979,7773501939,Female,1977-03-30,2,3,1,1,2,2022-01-31,2022-05-04,FK
1009908634,2615473026,Male,1989-11-20,2,1,3,3,3,2022-02-03,2022-05-25,CN
1853437514,8503610744,Male,1998-01-15,5,5,2,1,1,2022-02-01,2022-05-06,UZ
6807956673,7891488657,Male,1990-07-06,4,2,1,1,1,2022-01-23,2022-05-07,CN
9055659940,3112310322,Male,1957-05-29,3,4,1,2,0,2022-01-21,2022-05-22,CN
7210109471,9901172594,Male,1995-06-27,2,1,4,0,1,2022-02-10,2022-05-30,CN
2547563789,3751846697,Male,1983-05-13,1,5,5,2,3,2022-01-24,2022-07-06,CN
6557402137,0136532314,Male,1966-05-16,2,4,4,1,4,2022-02-04,2022-04-18,VN
4547717710,6865862929,Male,1952-07-28,5,5,5,2,0,2022-02-22,2022-07-18,PH
5835013906,3634801530,Male,1969-02-07,1,1,5,0,2,2022-02-17,2022-07-30,JP
8527971151,4147300324,Male,1968-05-18,3,4,3,3,5,2022-02-21,2022-04-06,ID
4309022731,3535498538,Female,1990-10-28,5,1,4,1,0,2022-02-01,2022-08-13,PL
7308700100,5978822166,Female,1990-09-10,1,2,5,1,4,2022-01-31,2022-04-05,ID
5550241439,1115338897,Male,1954-12-13,2,1,4,0,3,2022-01-22,2022-04-19,AR
6253524909,4910486399,Female,1981-07-27,4,3,5,3,0,2022-01-21,2022-07-22,DO
9290359501,0357022653,Female,1951-10-02,5,0,3,2,0,2022-02-17,2022-04-04,RS
4940061086,4502125547,Male,1980-02-17,4,2,0,3,0,2022-02-12,2022-04-27,PT
2377282458,2172734217,Female,1962-10-30,3,4,1,1,0,2022-02-02,2022-05-04,RU
8357456278,0203873831,Female,1993-09-08,2,4,1,3,3,2022-02-05,2022-07-17,US
6460393117,1114338567,Male,1976-09-03,3,3,0,3,0,2022-02-11,2022-05-26,RU
4016591244,2781782092,Female,1988-03-05,4,2,0,2,5,2022-02-20,2022-07-26,UA
9615793566,2403184993,Female,1957-10-10,2,2,1,1,1,2022-01-30,2022-08-13,AM
9835432694,1591568056,Female,1993-07-11,3,2,4,2,2,2022-01-28,2022-05-09,CN
2223479332,1113802804,Male,1990-05-25,4,2,4,0,1,2022-02-23,2022-05-06,CN
8187387432,7221545332,Female,1976-11-04,5,2,1,2,1,2022-02-05,2022-07-05,ID
3254465539,3740424346,Male,1978-05-15,3,0,2,3,3,2022-02-01,2022-04-11,PL
9384465763,6179380546,Male,1960-03-03,4,3,0,3,5,2022-02-17,2022-06-25,CN
9826238864,6953462876,Female,1986-12-27,3,5,3,0,0,2022-02-24,2022-05-04,KZ
3711675603,9498477558,Male,1957-09-02,2,0,5,1,1,2022-01-29,2022-04-26,AM
7905536408,4193064301,Female,1967-08-19,1,3,5,0,4,2022-01-28,2022-08-05,JP
4683003457,9622125913,Male,1968-04-26,1,5,3,2,2,2022-02-02,2022-07-23,RU
0313578605,2771466503,Female,1975-01-12,4,3,5,2,1,2022-01-23,2022-04-27,SE
5648369433,5448293794,Male,1989-06-23,1,3,3,2,3,2022-01-25,2022-07-06,SE
8228319622,0379932105,Male,1984-03-30,2,2,3,2,2,2022-02-10,2022-04-04,CO
9991846255,8074163598,Male,1957-02-15,2,0,0,2,5,2022-01-22,2022-04-09,CN
5510602015,3015272780,Male,1991-04-02,1,5,0,0,5,2022-02-12,2022-04-10,DE
3220272584,7735130546,Female,1974-04-13,3,1,3,1,3,2022-01-28,2022-05-24,PH
3842120419,3574508514,Male,1972-07-31,5,1,2,1,5,2022-02-20,2022-05-23,US
6972394716,6251751851,Male,1958-07-06,2,2,0,2,5,2022-02-15,2022-06-30,ID
3998400362,3670886982,Female,1997-02-25,3,4,3,0,1,2022-02-16,2022-07-25,CN
7901710659,6053834769,Male,1979-01-12,2,1,1,2,0,2022-02-16,2022-05-28,PE
7673633310,1490287019,Female,1958-02-13,5,1,2,3,4,2022-01-24,2022-07-11,FI
2944426982,4199697160,Female,1966-11-12,1,2,3,2,4,2022-01-21,2022-08-09,JP
6786142699,0223467316,Female,1972-07-09,4,3,3,3,1,2022-02-18,2022-07-13,GR
3366133759,7970678726,Female,1994-07-28,2,4,5,3,0,2022-02-04,2022-04-29,ID
9517178875,1949072738,Male,1960-07-18,1,4,4,2,4,2022-01-31,2022-08-06,CL
1224321855,4278573537,Female,1966-01-20,4,5,4,0,4,2022-02-22,2022-04-16,ID
9446471206,0364585951,Male,1986-10-17,3,1,5,3,3,2022-01-28,2022-04-08,ID
3999432373,5973917762,Female,1951-02-16,1,3,1,2,4,2022-02-12,2022-07-04,PS
7523554075,6362435230,Male,1965-08-07,5,2,2,0,2,2022-02-18,2022-07-13,CN
3423417633,1988680468,Male,1993-11-24,3,0,5,2,1,2022-02-08,2022-07-26,CZ
5954116725,1226470475,Female,1954-05-05,2,2,1,1,2,2022-02-04,2022-05-16,CN
0469901764,4545950884,Male,1962-01-02,5,3,2,0,1,2022-02-12,2022-04-20,MA
7917403769,6074930686,Female,1964-02-17,2,1,1,0,1,2022-01-20,2022-08-02,AL
0430193904,5319400950,Female,1951-06-01,1,2,0,2,1,2022-01-25,2022-06-02,NL
2180839928,8373888977,Male,1977-09-29,3,0,5,2,5,2022-02-16,2022-05-14,CN
3933438012,3313607268,Female,1986-04-15,3,4,4,3,0,2022-02-05,2022-06-28,GP
1995102407,4596811016,Male,1986-10-04,3,1,5,2,0,2022-02-18,2022-06-05,FR
3773472773,5822692524,Male,1950-04-05,3,1,2,0,4,2022-02-22,2022-05-21,PS
9080792128,4381002105,Male,1966-08-25,3,5,1,2,2,2022-02-06,2022-06-30,EC
9929661379,9138680300,Female,1962-11-04,2,1,2,1,5,2022-01-27,2022-05-13,BB
7466129218,9536067617,Male,1963-11-11,4,0,2,1,0,2022-02-11,2022-06-22,VN
1474314783,0809384108,Male,1958-05-29,2,5,5,3,5,2022-01-29,2022-05-18,SE
5859306032,3624156101,Male,1993-08-15,4,3,4,0,2,2022-02-17,2022-06-08,ID
5516930758,8472240304,Male,1973-03-18,3,2,5,0,4,2022-02-03,2022-06-14,SY
3398024572,0003738574,Female,1970-05-31,3,2,1,1,1,2022-01-22,2022-07-29,JP
7285742902,9389071917,Female,1952-09-29,4,0,1,3,2,2022-02-15,2022-08-12,RU
9820081866,7001944726,Female,1973-08-31,1,4,1,1,5,2022-02-11,2022-08-12,CN
4256047077,4388166162,Female,1974-06-29,4,3,1,3,0,2022-02-12,2022-04-06,MA
0664158323,4362519920,Female,1969-06-24,1,5,2,3,5,2022-02-06,2022-04-15,PL
4448061914,5815794619,Male,1983-01-12,3,5,1,2,1,2022-02-09,2022-06-23,CN
7296176164,8381282314,Female,1981-05-03,4,1,0,3,3,2022-02-15,2022-05-30,CN
3456710453,4565589478,Female,1953-02-23,2,3,3,1,0,2022-02-19,2022-08-17,CN
0839282273,0635229765,Male,1963-09-01,2,0,3,3,0,2022-02-01,2022-05-19,CN
4111123902,7356346826,Male,1956-12-18,4,4,0,2,2,2022-02-12,2022-06-21,CN
0063594412,3915954918,Female,1977-06-02,2,0,1,0,5,2022-01-23,2022-05-19,ID
5209994228,7463817431,Female,1980-04-17,4,2,3,1,5,2022-02-11,2022-07-22,MN
8691747439,0291183263,Male,1998-09-01,2,5,1,0,3,2022-02-01,2022-08-14,CN
9087460651,6812301485,Male,1976-08-26,2,0,5,1,4,2022-02-19,2022-06-07,CN
6684752897,0721719910,Male,1953-08-21,5,0,0,2,1,2022-01-29,2022-05-24,PH
9708252123,5262034624,Male,1964-05-04,4,4,5,0,0,2022-01-29,2022-08-10,SE
1790441129,2586647858,Female,1996-07-06,1,3,5,1,5,2022-01-21,2022-05-20,CN
4766212681,3096845840,Female,1983-09-10,2,1,4,2,4,2022-01-24,2022-04-08,RU
0766611949,7161733308,Male,1988-01-22,4,3,2,2,2,2022-02-18,2022-07-21,CN
8937626187,0704280655,Male,1999-01-10,4,1,3,3,1,2022-01-29,2022-04-14,SD
8279132635,9816399997,Female,1978-10-18,2,1,4,0,2,2022-01-21,2022-06-07,PL
8687967624,6531671793,Male,1965-02-06,3,5,1,3,3,2022-01-27,2022-05-09,ID
2959755170,7030925394,Female,1994-05-23,4,3,3,0,2,2022-02-21,2022-05-29,DK
3376918120,3624375687,Male,1967-12-25,1,0,1,3,2,2022-01-24,2022-05-09,CZ
4142149075,7131781185,Male,1996-03-12,3,4,0,3,5,2022-02-01,2022-05-16,PL
4542818012,4166000314,Male,1962-06-09,3,5,0,2,5,2022-02-21,2022-08-06,PL
4207899715,6296569432,Female,1977-12-19,3,1,0,2,4,2022-02-01,2022-06-06,ET
3519809559,4165040770,Female,1993-12-31,1,5,0,0,2,2022-01-30,2022-05-13,DK
8782767300,2574162293,Male,1953-03-05,1,1,3,0,2,2022-01-20,2022-05-06,PH
3913883916,2339380278,Female,1981-08-11,5,1,3,3,0,2022-02-06,2022-08-10,CN
6689347885,2271895073,Male,1999-10-09,1,2,3,0,4,2022-01-24,2022-05-24,ID
3440429733,8743222536,Female,1954-01-11,1,0,1,2,2,2022-02-17,2022-06-16,ID
5150107751,3082930069,Female,1992-08-23,5,4,5,3,4,2022-02-11,2022-05-14,MM
2734356600,5935988704,Female,1962-10-31,3,3,0,2,0,2022-02-07,2022-06-29,PE
8562311626,5228813039,Male,1971-01-28,2,3,5,3,5,2022-02-07,2022-05-17,CN
2846049513,9429243403,Male,1996-08-11,3,5,4,3,5,2022-02-21,2022-06-21,RU
2831509246,1448288177,Female,1974-09-26,3,3,2,2,3,2022-01-31,2022-07-10,CN
6823470364,7149453465,Female,1957-09-20,4,1,3,1,4,2022-02-21,2022-07-16,CN
9056782681,4653348510,Male,1962-10-12,5,0,3,3,2,2022-01-30,2022-06-26,RU
4790283682,9084217918,Male,1970-12-12,4,2,4,1,5,2022-02-12,2022-06-09,DM
5756218653,8045647523,Female,1991-08-26,3,4,0,1,0,2022-02-05,2022-05-31,GR
8348023704,6108604786,Female,1996-11-22,5,3,1,3,0,2022-02-24,2022-05-29,CO
3435437936,0679501681,Female,1957-11-10,2,0,3,3,2,2022-02-08,2022-07-27,CN
6962346670,6353148941,Female,1952-06-15,4,2,5,2,3,2022-02-22,2022-08-09,GT
7765558935,3630614086,Female,1960-04-22,1,5,0,2,0,2022-02-14,2022-06-13,PT
6131517282,1548486906,Male,1959-12-05,3,5,0,2,3,2022-02-08,2022-08-01,MD
6782597594,3302436106,Male,1982-04-01,1,1,3,3,0,2022-02-08,2022-05-16,ID
9632644107,5128260836,Female,1969-11-07,5,5,0,3,0,2022-01-24,2022-06-02,CN
8811173876,1944779213,Male,1995-08-25,4,0,3,2,0,2022-01-24,2022-05-24,CN
8980432550,1800603150,Male,1983-10-20,1,5,3,2,4,2022-02-09,2022-05-10,CN
5557476326,2809814155,Female,1980-04-01,4,2,0,3,2,2022-02-21,2022-08-02,ID
5988092276,4013215039,Male,1951-11-28,3,0,5,2,3,2022-01-20,2022-04-23,MR
4721026528,8389244322,Male,1991-06-24,1,5,5,1,5,2022-01-25,2022-08-03,VN
4174781702,9925208165,Female,1974-10-16,1,0,0,0,1,2022-02-11,2022-05-07,MA
4637766591,7041591018,Male,1951-12-11,4,3,5,1,5,2022-02-11,2022-05-10,GR
1661307876,3536751709,Male,1978-08-01,3,2,3,2,5,2022-02-09,2022-04-28,ZM
4573384642,8621822520,Male,1973-07-30,1,5,1,0,3,2022-01-20,2022-07-26,DE
0235167770,9156732376,Female,1967-02-26,5,0,4,3,1,2022-01-27,2022-07-19,US
1590791185,3361264715,Male,1994-09-18,1,4,4,3,3,2022-01-30,2022-05-30,CN
9493922456,1005390266,Male,1995-04-19,4,1,2,3,1,2022-02-15,2022-06-22,PH
5410527119,5653306568,Male,1990-10-20,5,1,2,2,5,2022-02-23,2022-07-01,MX
6824205265,1144961300,Male,1990-06-13,3,3,1,3,5,2022-02-02,2022-08-06,CN
9426435905,0060034785,Female,1970-02-09,3,2,0,3,0,2022-02-01,2022-06-13,ID
6038328106,2670732674,Female,1962-12-18,1,5,3,1,5,2022-01-24,2022-05-03,CN
6562418607,8231440097,Male,1951-04-14,2,2,5,3,5,2022-02-24,2022-08-18,MN
0165071184,0146085345,Female,1964-03-24,3,2,0,3,0,2022-02-16,2022-07-02,RU
6855318746,4246763462,Male,1994-04-12,1,3,0,2,0,2022-02-17,2022-05-17,MN
7987410012,3814932463,Female,1995-08-04,1,4,3,0,2,2022-02-07,2022-04-14,EG
8200148777,2127225244,Female,1965-11-21,1,5,5,0,0,2022-02-07,2022-07-09,UA
0881740349,9474978395,Female,1985-07-27,4,3,4,3,3,2022-02-17,2022-05-08,JM
3608440429,9100942235,Female,1953-09-06,2,4,4,3,3,2022-02-23,2022-04-17,CN
2900131391,9916715718,Female,1988-08-24,5,5,3,0,0,2022-02-20,2022-04-03,RU
6967368273,3473389706,Female,1956-10-04,1,4,1,1,5,2022-01-21,2022-04-22,MG
7931985486,5814245026,Male,1966-11-05,3,4,3,3,0,2022-02-22,2022-06-14,BR
5241415734,7294845670,Male,1989-09-13,1,2,2,2,5,2022-01-21,2022-06-30,PH
5215053626,1088260926,Female,1969-09-20,1,1,5,1,5,2022-02-07,2022-05-14,BG
0240310047,2035122333,Male,1987-11-01,3,1,5,3,5,2022-02-01,2022-05-09,CN
3712615299,0687171490,Female,1991-04-27,2,5,2,2,5,2022-02-23,2022-08-06,AR
5257496291,3360398106,Male,1994-02-05,5,2,3,3,4,2022-02-05,2022-06-16,GB
7135374525,9684677480,Male,1997-01-25,4,1,5,2,1,2022-01-26,2022-04-27,PH
0479012725,1683358066,Male,1979-09-20,5,3,2,0,1,2022-02-04,2022-05-11,UY
0104127422,8342504662,Male,1974-01-14,4,1,5,1,2,2022-02-05,2022-05-28,ID
5308036942,7915824090,Female,1955-04-17,5,3,3,3,5,2022-02-08,2022-04-20,SE
1677207450,8597635649,Male,1985-05-02,1,4,0,3,0,2022-02-13,2022-06-12,PT
0896780694,6797448107,Male,1951-08-11,1,5,4,3,0,2022-01-21,2022-06-07,PS
7981933579,1954266081,Male,1999-03-22,4,5,3,3,0,2022-01-24,2022-08-14,ID
2839763737,5739404045,Female,1996-01-02,2,5,3,3,2,2022-01-24,2022-04-26,HN
3408229945,7186740456,Male,1987-09-04,1,2,2,1,0,2022-01-21,2022-07-10,ID
3790849006,2193136270,Female,1971-05-09,1,4,1,3,1,2022-02-16,2022-08-11,BR
6482402577,2499828269,Male,1974-02-14,1,0,0,3,5,2022-01-24,2022-04-25,AF
9632004418,0935809880,Female,1982-06-01,3,5,0,0,2,2022-02-03,2022-05-20,UA
7695771201,9133934673,Male,1974-03-30,5,2,3,1,3,2022-02-23,2022-08-06,AR
0059717394,3544197154,Male,1968-03-05,3,1,1,0,0,2022-02-14,2022-07-30,PL
3806643547,1007333073,Female,1957-08-26,4,5,2,3,0,2022-02-05,2022-07-13,RU
6896091991,3375172788,Female,1962-04-05,5,5,0,3,4,2022-02-17,2022-04-30,CN
7880475540,7186706851,Male,1959-07-15,3,1,3,2,1,2022-02-23,2022-08-16,US
4566169413,0346266157,Male,1991-01-16,3,0,1,3,5,2022-02-10,2022-07-22,CN
0038445646,2763989403,Female,1992-05-22,3,5,3,2,4,2022-02-16,2022-08-08,ID
5886321268,4289536220,Male,1959-04-24,1,3,2,0,1,2022-02-18,2022-04-13,ID
9164626113,3195390582,Female,1979-04-12,2,5,2,1,5,2022-02-12,2022-05-28,GT
2838719300,2939692734,Male,1971-08-24,5,0,3,3,1,2022-01-22,2022-08-10,PL
5680761459,5842336863,Female,1964-11-03,1,1,3,3,4,2022-01-31,2022-06-14,CA
2967810762,2317153562,Male,1973-12-01,4,5,1,3,5,2022-01-25,2022-08-11,CN
9824397043,9514903307,Male,1968-12-24,4,1,2,3,1,2022-02-23,2022-04-25,CN
9418446391,2221398203,Female,2000-02-19,5,4,4,1,5,2022-01-23,2022-08-07,BR
6341653085,5207176234,Male,1994-11-03,1,1,0,0,5,2022-02-16,2022-07-06,BR
8466921583,0284839515,Male,1981-12-29,4,3,2,1,1,2022-02-19,2022-08-05,PL
8065845207,0612196615,Male,1966-12-14,3,0,0,3,3,2022-02-14,2022-05-09,CL
6031426080,9667186946,Male,1974-11-20,1,4,5,2,3,2022-01-20,2022-07-22,FR
7425182378,7148534518,Female,1952-11-13,2,1,0,2,0,2022-01-21,2022-04-03,LU
5098470412,4084554618,Male,1951-02-06,2,1,4,1,1,2022-02-07,2022-04-13,PH
8660637453,4429070717,Male,1958-02-13,5,5,5,2,0,2022-02-09,2022-06-26,CN
2112056417,1220912131,Male,1999-12-02,5,1,4,2,2,2022-02-20,2022-05-15,SI
4401157036,1085085546,Male,1965-04-16,5,4,5,0,5,2022-01-31,2022-07-22,BT
1636858570,6246993540,Male,1979-12-02,5,2,1,2,4,2022-02-15,2022-08-07,ID
1511228822,9466274635,Male,1999-02-15,1,3,4,1,2,2022-02-14,2022-04-18,RU
2200897308,7146847934,Female,1994-03-02,1,3,0,2,5,2022-02-09,2022-06-21,ID
8217044589,9399236471,Female,1952-12-29,3,0,5,3,5,2022-02-18,2022-04-18,US
6443435419,3409394397,Male,1985-08-31,5,2,2,0,2,2022-02-07,2022-06-17,CN
7391148199,0837040361,Female,1968-06-18,1,4,2,0,1,2022-02-17,2022-05-05,ID
1095145827,6182876425,Male,1990-03-21,1,4,2,0,2,2022-02-17,2022-05-04,GU
5307582196,4740190133,Male,1985-07-27,2,2,3,0,5,2022-01-26,2022-07-16,MN
8927467744,2648434283,Female,1952-11-26,5,4,3,3,0,2022-02-17,2022-06-17,CO
4268751904,0669134015,Female,1978-12-20,3,5,1,2,3,2022-02-17,2022-08-11,CN
3055605519,7410172665,Female,1988-07-02,5,2,2,0,5,2022-01-21,2022-05-24,CN
7334932285,6841804546,Female,1989-12-16,3,0,1,1,2,2022-01-26,2022-05-22,CN
0056542984,0989471322,Female,1980-01-21,5,5,2,0,2,2022-02-05,2022-06-03,CN
2585361934,8448020987,Female,1998-09-08,1,1,4,3,5,2022-01-21,2022-07-11,RU
8136625573,6837139754,Female,1999-07-23,5,4,3,2,5,2022-02-08,2022-05-04,CN
1237279445,3753022454,Female,1956-01-11,2,0,5,1,0,2022-02-06,2022-06-01,ZA
6643664993,3711558127,Male,1984-11-15,5,1,5,0,0,2022-01-23,2022-08-17,CN
6590841241,9139608239,Male,1956-02-24,2,4,0,1,1,2022-02-21,2022-06-23,PT
9904184208,8338744174,Male,1963-01-17,3,4,3,1,3,2022-02-16,2022-04-16,PH
0687435714,6346391712,Female,1957-11-17,1,3,0,2,0,2022-02-08,2022-05-03,JP
6131744467,8044861971,Female,1999-01-25,2,5,0,2,1,2022-01-21,2022-05-18,FR
0520401026,3794330315,Male,1955-02-04,1,5,5,3,4,2022-01-29,2022-05-19,CN
1718344384,3197853849,Male,1970-02-11,4,3,3,0,0,2022-01-30,2022-07-19,CN
7845638226,9547921843,Female,1970-08-29,2,4,0,3,2,2022-01-26,2022-08-11,RU
4415675743,3327131651,Female,1957-06-24,1,4,5,1,2,2022-02-10,2022-06-12,KM
8410903075,3972594623,Male,1982-09-26,4,0,0,2,1,2022-02-11,2022-06-25,CZ
4271415790,9874146702,Female,1999-01-01,4,3,1,3,3,2022-02-20,2022-05-20,PA
0455693943,9974573211,Male,1982-01-27,4,0,1,0,3,2022-01-26,2022-04-19,KP
4411603241,0154772089,Male,1997-03-24,2,5,2,1,4,2022-02-04,2022-06-07,AM
1567596088,4678882537,Male,1957-12-15,5,1,5,2,0,2022-02-21,2022-07-06,CN
9040707472,2653530392,Female,1988-02-15,2,3,5,0,4,2022-02-11,2022-07-16,ID
9065851488,2557986593,Male,1957-02-01,4,4,3,2,4,2022-02-17,2022-06-30,RU
9102226936,9020189867,Male,1950-08-04,2,2,3,2,0,2022-01-24,2022-06-02,ID
9216744340,8442621830,Female,1965-01-17,5,4,0,0,5,2022-01-26,2022-08-10,PH
8472830918,4604836140,Male,1989-02-08,2,3,2,2,0,2022-02-15,2022-04-27,TH
4414321689,0169055280,Male,1975-12-25,1,3,5,0,1,2022-02-24,2022-07-25,ID
4697824261,0784410267,Female,1958-09-19,2,5,1,1,2,2022-02-13,2022-04-28,KR
3181997986,7765214101,Female,1997-03-10,5,5,5,3,3,2022-02-19,2022-06-06,MK
4140040734,6692689821,Female,1966-12-20,5,2,4,0,3,2022-02-08,2022-08-06,CN
5467235397,0150581513,Female,1994-06-16,2,5,3,0,1,2022-02-02,2022-06-26,NO
8222832662,5956643048,Male,1962-12-01,3,1,0,2,5,2022-01-29,2022-07-24,CN
0211704792,6646288348,Male,1955-11-04,3,5,1,3,3,2022-01-24,2022-06-03,SE
8534959129,3885033844,Female,1962-09-21,2,5,5,2,5,2022-02-24,2022-05-03,MA
4988220869,5053029407,Male,1965-11-21,5,0,4,2,3,2022-02-22,2022-07-04,RU
3596677734,4498212673,Female,1963-03-04,3,2,2,1,5,2022-02-20,2022-05-29,CN
6112079240,5702213416,Female,1974-06-11,1,4,1,2,5,2022-02-01,2022-05-12,BD
2986529828,8323731322,Male,1968-02-21,4,2,2,3,0,2022-01-21,2022-07-30,TH
8844808978,4895025098,Male,1957-07-02,2,1,4,0,3,2022-01-24,2022-04-25,NG
3914443227,9983174413,Female,1983-02-09,4,1,1,0,3,2022-02-07,2022-08-15,RS
7227569047,0845269607,Female,1954-10-17,1,0,5,3,5,2022-01-25,2022-05-12,PH
9264350047,7569242416,Female,1959-02-10,1,1,3,0,5,2022-02-22,2022-08-01,UA
8692160091,3920313666,Male,1962-04-13,1,5,2,1,5,2022-02-17,2022-08-08,FR
4805939362,2488320293,Female,1967-11-11,1,3,4,3,0,2022-02-14,2022-05-22,ID
8837674333,4018660995,Male,1973-01-07,1,2,3,2,4,2022-01-28,2022-06-09,MZ
7836617793,0427936152,Female,1966-02-10,5,3,3,0,3,2022-01-30,2022-05-22,PT
2438239352,6929583332,Male,1988-01-15,2,2,2,0,4,2022-01-27,2022-04-03,CN
5032142492,7973162313,Female,1982-05-01,2,2,1,0,0,2022-02-11,2022-08-08,CN
5229802065,5974046005,Male,1995-04-23,5,5,4,0,3,2022-02-21,2022-05-22,AM
7922961731,6432001897,Female,1984-06-20,5,4,5,1,3,2022-02-17,2022-06-06,RU
2121273654,1655558366,Female,1961-04-14,5,5,3,0,2,2022-01-25,2022-08-14,CA
5111795847,2289945072,Male,1993-10-18,5,5,5,1,5,2022-01-22,2022-07-07,RU
0446963798,9040205418,Male,1956-02-11,5,5,0,0,3,2022-01-31,2022-06-27,PH
8702249790,5891760754,Male,1971-06-13,3,1,0,0,3,2022-02-01,2022-05-14,ID
3796711901,6360846322,Male,1997-11-22,1,0,1,1,0,2022-02-02,2022-04-20,US
2053431865,0343613182,Female,1950-05-14,2,5,0,3,2,2022-02-19,2022-05-27,MM
8112438633,0131449044,Male,1953-12-20,5,1,0,3,0,2022-01-26,2022-07-21,RU
3974470549,1637894155,Female,1979-11-26,4,1,4,1,4,2022-01-28,2022-05-03,PH
2135141518,0880129395,Male,1953-05-23,2,3,2,2,1,2022-02-17,2022-07-25,GR
3398398626,5876701580,Male,1953-08-16,1,3,2,3,2,2022-02-01,2022-07-24,PL
7375761604,1921944528,Male,1974-12-12,1,2,3,1,4,2022-02-10,2022-06-02,US
3364137978,7740549479,Male,1968-07-19,4,3,0,1,1,2022-02-21,2022-06-07,CN
4078727107,9014381239,Female,1987-11-13,3,1,2,0,0,2022-01-31,2022-04-04,PH
4254122101,7799441135,Female,1971-08-26,1,2,4,2,3,2022-02-04,2022-08-08,CN
9815391003,4702372807,Male,1983-04-20,3,0,3,3,0,2022-02-01,2022-05-01,CZ
6909220927,5780132631,Female,1975-06-26,3,0,4,2,1,2022-02-24,2022-04-18,CZ
2162935007,9492686856,Male,1999-01-19,2,4,1,3,1,2022-01-23,2022-06-24,AR
5520920761,6726683758,Female,1994-12-11,2,1,0,3,0,2022-02-03,2022-04-20,ID
0686758684,3462508482,Female,1977-05-28,2,3,5,1,2,2022-01-27,2022-06-21,CL
2097564100,8733308721,Female,1993-01-08,1,2,1,1,2,2022-01-23,2022-06-20,PT
7162955258,4011222348,Male,1982-12-15,1,4,3,0,1,2022-02-14,2022-05-13,CN
